kpi_key,industry_section,size_band,period_year,p25,median,p75,sample_size,source_name,source_url,source_note_de,source_note_en,source_key,basis_de,basis_en,provisional,is_assumption
accident_rate_per_1000_fte,ALL,all,2024,23.9,58.2,72.8,,"UVG-Statistik 2026, Tabelle 1.2 (SSUV, Suva)",https://www.unfallstatistik.ch/d/publik/unfstat/pdf/Ts26.pdf,"Gelesen am 12.09.2026 aus Tabelle 1.2 (BUV-Spalte, Risiko je 1000 Vollbeschäftigte, 2024). Median: publizierte Rate aller Branchen (58,2). Untere und obere Angel (Moore-McCabe: Median der unteren bzw. oberen Hälfte ohne den Mittelwert) über die 50 Branchen der Tabelle; NBUV-Spalte nie gelesen.","Read on 2026-09-12 from Table 1.2 (BUV column, risk per 1 000 full time employees, 2024). Median: the published all industries rate (58.2). Lower and upper hinges (Moore and McCabe: the median of the lower and of the upper half, the middle value excluded) across the 50 branches of the table; the NBUV column was never read.",Suva Tab. 1.2 · alle 50 Branchen,"Median: die publizierte Berufsunfallrate aller Branchen 2024. Spannweite über die 50 Branchen der Suva-Tabelle 1.2 (je ein publizierter Mittelwert), nicht über Unternehmen.","Median: the published 2024 occupational accident rate for all industries. Range across the 50 branches of Suva Table 1.2 (one published mean each), not across companies.",false,false
accident_rate_per_1000_fte,A,all,2024,137.5,137.5,137.5,,"UVG-Statistik 2026, Tabelle 1.2 (SSUV, Suva)",https://www.unfallstatistik.ch/d/publik/unfstat/pdf/Ts26.pdf,"Eine Branche in Tabelle 1.2 (BUV-Spalte, Mittelwert 2024); alle drei Werte gleich dem Mittelwert. Gelesen am 12.09.2026.","One branch in Table 1.2 (BUV column, 2024 mean); all three values equal the mean. Read on 2026-09-12.",Suva Tab. 1.2 · NOGA 01-03,"Eine Suva-Branche (Tabelle 1.2, NOGA 01-03): der publizierte Mittelwert 2024 für den Abschnitt A, keine Spannweite über Unternehmen.","One Suva branch (Table 1.2, NOGA 01-03): the published 2024 mean for section A, not a spread across companies.",false,false
accident_rate_per_1000_fte,B,all,2024,108.3,108.3,108.3,,"UVG-Statistik 2026, Tabelle 1.2 (SSUV, Suva)",https://www.unfallstatistik.ch/d/publik/unfstat/pdf/Ts26.pdf,"Eine Branche in Tabelle 1.2 (BUV-Spalte, Mittelwert 2024); alle drei Werte gleich dem Mittelwert. Gelesen am 12.09.2026.","One branch in Table 1.2 (BUV column, 2024 mean); all three values equal the mean. Read on 2026-09-12.",Suva Tab. 1.2 · NOGA 05-09,"Eine Suva-Branche (Tabelle 1.2, NOGA 05-09): der publizierte Mittelwert 2024 für den Abschnitt B, keine Spannweite über Unternehmen.","One Suva branch (Table 1.2, NOGA 05-09): the published 2024 mean for section B, not a spread across companies.",false,false
accident_rate_per_1000_fte,C,all,2024,29.3,47.1,65.8,,"UVG-Statistik 2026, Tabelle 1.2 (SSUV, Suva)",https://www.unfallstatistik.ch/d/publik/unfstat/pdf/Ts26.pdf,"Angeln über die 12 Branchen des Abschnitts in Tabelle 1.2 (BUV-Spalte, Mittelwerte 2024; Moore-McCabe-Angeln, Median der Hälften), da nur ein Mittelwert je Branche publiziert ist. Gelesen am 12.09.2026.","Hinges across the 12 branches of the section in Table 1.2 (BUV column, 2024 means; Moore and McCabe hinges, the median of each half), since only a mean per branch is published. Read on 2026-09-12.",Suva Tab. 1.2 · NOGA 10–33,"Spannweite über die 12 Branchen der Suva-Tabelle 1.2 im Abschnitt C (NOGA 10–33), nicht über Unternehmen: jede Branche ist ein publizierter Mittelwert 2024.","Range across the 12 branches of Suva Table 1.2 in section C (NOGA 10–33), not across companies: each branch is one published 2024 mean.",false,false
accident_rate_per_1000_fte,D,all,2024,41.1,41.1,41.1,,"UVG-Statistik 2026, Tabelle 1.2 (SSUV, Suva)",https://www.unfallstatistik.ch/d/publik/unfstat/pdf/Ts26.pdf,"Eine Branche in Tabelle 1.2 (BUV-Spalte, Mittelwert 2024); alle drei Werte gleich dem Mittelwert. Gelesen am 12.09.2026.","One branch in Table 1.2 (BUV column, 2024 mean); all three values equal the mean. Read on 2026-09-12.",Suva Tab. 1.2 · NOGA 35,"Eine Suva-Branche (Tabelle 1.2, NOGA 35): der publizierte Mittelwert 2024 für den Abschnitt D, keine Spannweite über Unternehmen.","One Suva branch (Table 1.2, NOGA 35): the published 2024 mean for section D, not a spread across companies.",false,false
accident_rate_per_1000_fte,E,all,2024,103.3,103.3,103.3,,"UVG-Statistik 2026, Tabelle 1.2 (SSUV, Suva)",https://www.unfallstatistik.ch/d/publik/unfstat/pdf/Ts26.pdf,"Eine Branche in Tabelle 1.2 (BUV-Spalte, Mittelwert 2024); alle drei Werte gleich dem Mittelwert. Gelesen am 12.09.2026.","One branch in Table 1.2 (BUV column, 2024 mean); all three values equal the mean. Read on 2026-09-12.",Suva Tab. 1.2 · NOGA 36-39,"Eine Suva-Branche (Tabelle 1.2, NOGA 36-39): der publizierte Mittelwert 2024 für den Abschnitt E, keine Spannweite über Unternehmen.","One Suva branch (Table 1.2, NOGA 36-39): the published 2024 mean for section E, not a spread across companies.",false,false
accident_rate_per_1000_fte,F,all,2024,140.1,142.7,145.3,,"UVG-Statistik 2026, Tabelle 1.2 (SSUV, Suva)",https://www.unfallstatistik.ch/d/publik/unfstat/pdf/Ts26.pdf,"Angeln über die 2 Branchen des Abschnitts in Tabelle 1.2 (BUV-Spalte, Mittelwerte 2024; Moore-McCabe-Angeln, Median der Hälften), da nur ein Mittelwert je Branche publiziert ist. Gelesen am 12.09.2026.","Hinges across the 2 branches of the section in Table 1.2 (BUV column, 2024 means; Moore and McCabe hinges, the median of each half), since only a mean per branch is published. Read on 2026-09-12.",Suva Tab. 1.2 · NOGA 41–43,"Spannweite über die 2 Branchen der Suva-Tabelle 1.2 im Abschnitt F (NOGA 41–43), nicht über Unternehmen: jede Branche ist ein publizierter Mittelwert 2024.","Range across the 2 branches of Suva Table 1.2 in section F (NOGA 41–43), not across companies: each branch is one published 2024 mean.",false,false
accident_rate_per_1000_fte,G,all,2024,36.1,49.9,78.6,,"UVG-Statistik 2026, Tabelle 1.2 (SSUV, Suva)",https://www.unfallstatistik.ch/d/publik/unfstat/pdf/Ts26.pdf,"Angeln über die 3 Branchen des Abschnitts in Tabelle 1.2 (BUV-Spalte, Mittelwerte 2024; Moore-McCabe-Angeln, Median der Hälften), da nur ein Mittelwert je Branche publiziert ist. Gelesen am 12.09.2026.","Hinges across the 3 branches of the section in Table 1.2 (BUV column, 2024 means; Moore and McCabe hinges, the median of each half), since only a mean per branch is published. Read on 2026-09-12.",Suva Tab. 1.2 · NOGA 45–47,"Spannweite über die 3 Branchen der Suva-Tabelle 1.2 im Abschnitt G (NOGA 45–47), nicht über Unternehmen: jede Branche ist ein publizierter Mittelwert 2024.","Range across the 3 branches of Suva Table 1.2 in section G (NOGA 45–47), not across companies: each branch is one published 2024 mean.",false,false
accident_rate_per_1000_fte,H,all,2024,49.9,67.7,78.5,,"UVG-Statistik 2026, Tabelle 1.2 (SSUV, Suva)",https://www.unfallstatistik.ch/d/publik/unfstat/pdf/Ts26.pdf,"Angeln über die 4 Branchen des Abschnitts in Tabelle 1.2 (BUV-Spalte, Mittelwerte 2024; Moore-McCabe-Angeln, Median der Hälften), da nur ein Mittelwert je Branche publiziert ist. Gelesen am 12.09.2026.","Hinges across the 4 branches of the section in Table 1.2 (BUV column, 2024 means; Moore and McCabe hinges, the median of each half), since only a mean per branch is published. Read on 2026-09-12.",Suva Tab. 1.2 · NOGA 49–53,"Spannweite über die 4 Branchen der Suva-Tabelle 1.2 im Abschnitt H (NOGA 49–53), nicht über Unternehmen: jede Branche ist ein publizierter Mittelwert 2024.","Range across the 4 branches of Suva Table 1.2 in section H (NOGA 49–53), not across companies: each branch is one published 2024 mean.",false,false
accident_rate_per_1000_fte,I,all,2024,70.7,71.6,72.4,,"UVG-Statistik 2026, Tabelle 1.2 (SSUV, Suva)",https://www.unfallstatistik.ch/d/publik/unfstat/pdf/Ts26.pdf,"Angeln über die 2 Branchen des Abschnitts in Tabelle 1.2 (BUV-Spalte, Mittelwerte 2024; Moore-McCabe-Angeln, Median der Hälften), da nur ein Mittelwert je Branche publiziert ist. Gelesen am 12.09.2026.","Hinges across the 2 branches of the section in Table 1.2 (BUV column, 2024 means; Moore and McCabe hinges, the median of each half), since only a mean per branch is published. Read on 2026-09-12.",Suva Tab. 1.2 · NOGA 55–56,"Spannweite über die 2 Branchen der Suva-Tabelle 1.2 im Abschnitt I (NOGA 55–56), nicht über Unternehmen: jede Branche ist ein publizierter Mittelwert 2024.","Range across the 2 branches of Suva Table 1.2 in section I (NOGA 55–56), not across companies: each branch is one published 2024 mean.",false,false
accident_rate_per_1000_fte,J,all,2024,9.2,17.4,19.8,,"UVG-Statistik 2026, Tabelle 1.2 (SSUV, Suva)",https://www.unfallstatistik.ch/d/publik/unfstat/pdf/Ts26.pdf,"Angeln über die 3 Branchen des Abschnitts in Tabelle 1.2 (BUV-Spalte, Mittelwerte 2024; Moore-McCabe-Angeln, Median der Hälften), da nur ein Mittelwert je Branche publiziert ist. Gelesen am 12.09.2026.","Hinges across the 3 branches of the section in Table 1.2 (BUV column, 2024 means; Moore and McCabe hinges, the median of each half), since only a mean per branch is published. Read on 2026-09-12.",Suva Tab. 1.2 · NOGA 58–63,"Spannweite über die 3 Branchen der Suva-Tabelle 1.2 im Abschnitt J (NOGA 58–63), nicht über Unternehmen: jede Branche ist ein publizierter Mittelwert 2024.","Range across the 3 branches of Suva Table 1.2 in section J (NOGA 58–63), not across companies: each branch is one published 2024 mean.",false,false
accident_rate_per_1000_fte,K,all,2024,8.4,9.6,15.2,,"UVG-Statistik 2026, Tabelle 1.2 (SSUV, Suva)",https://www.unfallstatistik.ch/d/publik/unfstat/pdf/Ts26.pdf,"Angeln über die 3 Branchen des Abschnitts in Tabelle 1.2 (BUV-Spalte, Mittelwerte 2024; Moore-McCabe-Angeln, Median der Hälften), da nur ein Mittelwert je Branche publiziert ist. Gelesen am 12.09.2026.","Hinges across the 3 branches of the section in Table 1.2 (BUV column, 2024 means; Moore and McCabe hinges, the median of each half), since only a mean per branch is published. Read on 2026-09-12.",Suva Tab. 1.2 · NOGA 64–66,"Spannweite über die 3 Branchen der Suva-Tabelle 1.2 im Abschnitt K (NOGA 64–66), nicht über Unternehmen: jede Branche ist ein publizierter Mittelwert 2024.","Range across the 3 branches of Suva Table 1.2 in section K (NOGA 64–66), not across companies: each branch is one published 2024 mean.",false,false
accident_rate_per_1000_fte,L,all,2024,34.1,34.1,34.1,,"UVG-Statistik 2026, Tabelle 1.2 (SSUV, Suva)",https://www.unfallstatistik.ch/d/publik/unfstat/pdf/Ts26.pdf,"Eine Branche in Tabelle 1.2 (BUV-Spalte, Mittelwert 2024); alle drei Werte gleich dem Mittelwert. Gelesen am 12.09.2026.","One branch in Table 1.2 (BUV column, 2024 mean); all three values equal the mean. Read on 2026-09-12.",Suva Tab. 1.2 · NOGA 68,"Eine Suva-Branche (Tabelle 1.2, NOGA 68): der publizierte Mittelwert 2024 für den Abschnitt L, keine Spannweite über Unternehmen.","One Suva branch (Table 1.2, NOGA 68): the published 2024 mean for section L, not a spread across companies.",false,false
accident_rate_per_1000_fte,M,all,2024,14.5,19.5,31.3,,"UVG-Statistik 2026, Tabelle 1.2 (SSUV, Suva)",https://www.unfallstatistik.ch/d/publik/unfstat/pdf/Ts26.pdf,"Angeln über die 5 Branchen des Abschnitts in Tabelle 1.2 (BUV-Spalte, Mittelwerte 2024; Moore-McCabe-Angeln, Median der Hälften), da nur ein Mittelwert je Branche publiziert ist. Gelesen am 12.09.2026.","Hinges across the 5 branches of the section in Table 1.2 (BUV column, 2024 means; Moore and McCabe hinges, the median of each half), since only a mean per branch is published. Read on 2026-09-12.",Suva Tab. 1.2 · NOGA 69–75,"Spannweite über die 5 Branchen der Suva-Tabelle 1.2 im Abschnitt M (NOGA 69–75), nicht über Unternehmen: jede Branche ist ein publizierter Mittelwert 2024.","Range across the 5 branches of Suva Table 1.2 in section M (NOGA 69–75), not across companies: each branch is one published 2024 mean.",false,false
accident_rate_per_1000_fte,N,all,2024,80.5,103.8,127.0,,"UVG-Statistik 2026, Tabelle 1.2 (SSUV, Suva)",https://www.unfallstatistik.ch/d/publik/unfstat/pdf/Ts26.pdf,"Angeln über die 2 Branchen des Abschnitts in Tabelle 1.2 (BUV-Spalte, Mittelwerte 2024; Moore-McCabe-Angeln, Median der Hälften), da nur ein Mittelwert je Branche publiziert ist. Gelesen am 12.09.2026.","Hinges across the 2 branches of the section in Table 1.2 (BUV column, 2024 means; Moore and McCabe hinges, the median of each half), since only a mean per branch is published. Read on 2026-09-12.",Suva Tab. 1.2 · NOGA 77–82,"Spannweite über die 2 Branchen der Suva-Tabelle 1.2 im Abschnitt N (NOGA 77–82), nicht über Unternehmen: jede Branche ist ein publizierter Mittelwert 2024.","Range across the 2 branches of Suva Table 1.2 in section N (NOGA 77–82), not across companies: each branch is one published 2024 mean.",false,false
accident_rate_per_1000_fte,O,all,2024,44.8,44.8,44.8,,"UVG-Statistik 2026, Tabelle 1.2 (SSUV, Suva)",https://www.unfallstatistik.ch/d/publik/unfstat/pdf/Ts26.pdf,"Eine Branche in Tabelle 1.2 (BUV-Spalte, Mittelwert 2024); alle drei Werte gleich dem Mittelwert. Gelesen am 12.09.2026.","One branch in Table 1.2 (BUV column, 2024 mean); all three values equal the mean. Read on 2026-09-12.",Suva Tab. 1.2 · NOGA 84,"Eine Suva-Branche (Tabelle 1.2, NOGA 84): der publizierte Mittelwert 2024 für den Abschnitt O, keine Spannweite über Unternehmen.","One Suva branch (Table 1.2, NOGA 84): the published 2024 mean for section O, not a spread across companies.",false,false
accident_rate_per_1000_fte,P,all,2024,38.9,38.9,38.9,,"UVG-Statistik 2026, Tabelle 1.2 (SSUV, Suva)",https://www.unfallstatistik.ch/d/publik/unfstat/pdf/Ts26.pdf,"Eine Branche in Tabelle 1.2 (BUV-Spalte, Mittelwert 2024); alle drei Werte gleich dem Mittelwert. Gelesen am 12.09.2026.","One branch in Table 1.2 (BUV column, 2024 mean); all three values equal the mean. Read on 2026-09-12.",Suva Tab. 1.2 · NOGA 85,"Eine Suva-Branche (Tabelle 1.2, NOGA 85): der publizierte Mittelwert 2024 für den Abschnitt P, keine Spannweite über Unternehmen.","One Suva branch (Table 1.2, NOGA 85): the published 2024 mean for section P, not a spread across companies.",false,false
accident_rate_per_1000_fte,Q,all,2024,53.0,63.8,65.1,,"UVG-Statistik 2026, Tabelle 1.2 (SSUV, Suva)",https://www.unfallstatistik.ch/d/publik/unfstat/pdf/Ts26.pdf,"Angeln über die 3 Branchen des Abschnitts in Tabelle 1.2 (BUV-Spalte, Mittelwerte 2024; Moore-McCabe-Angeln, Median der Hälften), da nur ein Mittelwert je Branche publiziert ist. Gelesen am 12.09.2026.","Hinges across the 3 branches of the section in Table 1.2 (BUV column, 2024 means; Moore and McCabe hinges, the median of each half), since only a mean per branch is published. Read on 2026-09-12.",Suva Tab. 1.2 · NOGA 86–88,"Spannweite über die 3 Branchen der Suva-Tabelle 1.2 im Abschnitt Q (NOGA 86–88), nicht über Unternehmen: jede Branche ist ein publizierter Mittelwert 2024.","Range across the 3 branches of Suva Table 1.2 in section Q (NOGA 86–88), not across companies: each branch is one published 2024 mean.",false,false
accident_rate_per_1000_fte,R,all,2024,162.1,162.1,162.1,,"UVG-Statistik 2026, Tabelle 1.2 (SSUV, Suva)",https://www.unfallstatistik.ch/d/publik/unfstat/pdf/Ts26.pdf,"Eine Branche in Tabelle 1.2 (BUV-Spalte, Mittelwert 2024); alle drei Werte gleich dem Mittelwert. Gelesen am 12.09.2026.","One branch in Table 1.2 (BUV column, 2024 mean); all three values equal the mean. Read on 2026-09-12.",Suva Tab. 1.2 · NOGA 90-93,"Eine Suva-Branche (Tabelle 1.2, NOGA 90-93): der publizierte Mittelwert 2024 für den Abschnitt R, keine Spannweite über Unternehmen.","One Suva branch (Table 1.2, NOGA 90-93): the published 2024 mean for section R, not a spread across companies.",false,false
accident_rate_per_1000_fte,S,all,2024,35.0,35.0,35.0,,"UVG-Statistik 2026, Tabelle 1.2 (SSUV, Suva)",https://www.unfallstatistik.ch/d/publik/unfstat/pdf/Ts26.pdf,"Eine Branche in Tabelle 1.2 (BUV-Spalte, Mittelwert 2024); alle drei Werte gleich dem Mittelwert. Gelesen am 12.09.2026.","One branch in Table 1.2 (BUV column, 2024 mean); all three values equal the mean. Read on 2026-09-12.",Suva Tab. 1.2 · NOGA 94-96,"Eine Suva-Branche (Tabelle 1.2, NOGA 94-96): der publizierte Mittelwert 2024 für den Abschnitt S, keine Spannweite über Unternehmen.","One Suva branch (Table 1.2, NOGA 94-96): the published 2024 mean for section S, not a spread across companies.",false,false
accident_rate_per_1000_fte,T,all,2024,20.6,20.6,20.6,,"UVG-Statistik 2026, Tabelle 1.2 (SSUV, Suva)",https://www.unfallstatistik.ch/d/publik/unfstat/pdf/Ts26.pdf,"Eine Branche in Tabelle 1.2 (BUV-Spalte, Mittelwert 2024); alle drei Werte gleich dem Mittelwert. Gelesen am 12.09.2026.","One branch in Table 1.2 (BUV column, 2024 mean); all three values equal the mean. Read on 2026-09-12.",Suva Tab. 1.2 · NOGA 97-98,"Eine Suva-Branche (Tabelle 1.2, NOGA 97-98): der publizierte Mittelwert 2024 für den Abschnitt T, keine Spannweite über Unternehmen.","One Suva branch (Table 1.2, NOGA 97-98): the published 2024 mean for section T, not a spread across companies.",false,false
accident_rate_per_1000_fte,U,all,2024,34.7,34.7,34.7,,"UVG-Statistik 2026, Tabelle 1.2 (SSUV, Suva)",https://www.unfallstatistik.ch/d/publik/unfstat/pdf/Ts26.pdf,"Eine Branche in Tabelle 1.2 (BUV-Spalte, Mittelwert 2024); alle drei Werte gleich dem Mittelwert. Gelesen am 12.09.2026.","One branch in Table 1.2 (BUV column, 2024 mean); all three values equal the mean. Read on 2026-09-12.",Suva Tab. 1.2 · NOGA 99,"Eine Suva-Branche (Tabelle 1.2, NOGA 99): der publizierte Mittelwert 2024 für den Abschnitt U, keine Spannweite über Unternehmen.","One Suva branch (Table 1.2, NOGA 99): the published 2024 mean for section U, not a spread across companies.",false,false
lost_days_per_incident,ALL,all,2023,16.3,16.3,16.3,,"Eurostat, hsw_n2_04 (ESAW), Schweiz 2023",https://ec.europa.eu/eurostat/databrowser/view/hsw_n2_04/default/table,"Eurostat hsw_n2_04, Schweiz 2023, NACE Total, 99421 Unfälle mit 4 und mehr Ausfalltagen (tödliche ausgeschlossen). Median linear innerhalb der Klasse interpoliert, die den mittleren Unfall enthält (Klassen 4–6, 7–13, 14–20, 21–30, 31–90, 91–182, 183+ Tage). Gelesen am 12.09.2026 über die Eurostat-API.","Eurostat hsw_n2_04, Switzerland 2023, NACE Total, 99421 accidents with 4 or more days lost (fatal excluded). Median interpolated linearly inside the band holding the median accident (bands 4 to 6, 7 to 13, 14 to 20, 21 to 30, 31 to 90, 91 to 182, 183 and more days). Read on 2026-09-12 through the Eurostat API.",Eurostat hsw_n2_04 · NACE A–U,Ausfalltage des typischen Unfalls in der Schweiz 2023 für alle Branchen: aus den publizierten Ausfalltage-Klassen von 99 421 Unfällen mit vier und mehr Ausfalltagen interpoliert (Eurostat  europäische Unfallstatistik). Beschreibt Unfälle  nicht Unternehmen; Ihr Wert ist ein Durchschnitt je Unfall.,Days lost by the typical accident in Switzerland in 2023 for all industries: interpolated from the published days lost bands of 99 421 accidents with four or more days lost (Eurostat  European accident statistics). Describes accidents  not companies; your figure is an average per accident.,false,false
lost_days_per_incident,A,all,2023,16.8,16.8,16.8,,"Eurostat, hsw_n2_04 (ESAW), Schweiz 2023",https://ec.europa.eu/eurostat/databrowser/view/hsw_n2_04/default/table,"Eurostat hsw_n2_04, Schweiz 2023, NACE A, 1760 Unfälle mit 4 und mehr Ausfalltagen (tödliche ausgeschlossen). Median linear innerhalb der Klasse interpoliert, die den mittleren Unfall enthält (Klassen 4–6, 7–13, 14–20, 21–30, 31–90, 91–182, 183+ Tage). Gelesen am 12.09.2026 über die Eurostat-API.","Eurostat hsw_n2_04, Switzerland 2023, NACE A, 1760 accidents with 4 or more days lost (fatal excluded). Median interpolated linearly inside the band holding the median accident (bands 4 to 6, 7 to 13, 14 to 20, 21 to 30, 31 to 90, 91 to 182, 183 and more days). Read on 2026-09-12 through the Eurostat API.",Eurostat hsw_n2_04 · NACE A,Ausfalltage des typischen Unfalls in der Schweiz 2023 für Abschnitt A: aus den publizierten Ausfalltage-Klassen von 1 760 Unfällen mit vier und mehr Ausfalltagen interpoliert (Eurostat  europäische Unfallstatistik). Beschreibt Unfälle  nicht Unternehmen; Ihr Wert ist ein Durchschnitt je Unfall.,Days lost by the typical accident in Switzerland in 2023 for section A: interpolated from the published days lost bands of 1 760 accidents with four or more days lost (Eurostat  European accident statistics). Describes accidents  not companies; your figure is an average per accident.,false,false
lost_days_per_incident,B,all,2023,18.6,18.6,18.6,,"Eurostat, hsw_n2_04 (ESAW), Schweiz 2023",https://ec.europa.eu/eurostat/databrowser/view/hsw_n2_04/default/table,"Eurostat hsw_n2_04, Schweiz 2023, NACE B, 170 Unfälle mit 4 und mehr Ausfalltagen (tödliche ausgeschlossen). Median linear innerhalb der Klasse interpoliert, die den mittleren Unfall enthält (Klassen 4–6, 7–13, 14–20, 21–30, 31–90, 91–182, 183+ Tage). Gelesen am 12.09.2026 über die Eurostat-API.","Eurostat hsw_n2_04, Switzerland 2023, NACE B, 170 accidents with 4 or more days lost (fatal excluded). Median interpolated linearly inside the band holding the median accident (bands 4 to 6, 7 to 13, 14 to 20, 21 to 30, 31 to 90, 91 to 182, 183 and more days). Read on 2026-09-12 through the Eurostat API.",Eurostat hsw_n2_04 · NACE B,Ausfalltage des typischen Unfalls in der Schweiz 2023 für Abschnitt B: aus den publizierten Ausfalltage-Klassen von 170 Unfällen mit vier und mehr Ausfalltagen interpoliert (Eurostat  europäische Unfallstatistik). Beschreibt Unfälle  nicht Unternehmen; Ihr Wert ist ein Durchschnitt je Unfall.,Days lost by the typical accident in Switzerland in 2023 for section B: interpolated from the published days lost bands of 170 accidents with four or more days lost (Eurostat  European accident statistics). Describes accidents  not companies; your figure is an average per accident.,false,false
lost_days_per_incident,C,all,2023,14.5,14.5,14.5,,"Eurostat, hsw_n2_04 (ESAW), Schweiz 2023",https://ec.europa.eu/eurostat/databrowser/view/hsw_n2_04/default/table,"Eurostat hsw_n2_04, Schweiz 2023, NACE C, 14011 Unfälle mit 4 und mehr Ausfalltagen (tödliche ausgeschlossen). Median linear innerhalb der Klasse interpoliert, die den mittleren Unfall enthält (Klassen 4–6, 7–13, 14–20, 21–30, 31–90, 91–182, 183+ Tage). Gelesen am 12.09.2026 über die Eurostat-API.","Eurostat hsw_n2_04, Switzerland 2023, NACE C, 14011 accidents with 4 or more days lost (fatal excluded). Median interpolated linearly inside the band holding the median accident (bands 4 to 6, 7 to 13, 14 to 20, 21 to 30, 31 to 90, 91 to 182, 183 and more days). Read on 2026-09-12 through the Eurostat API.",Eurostat hsw_n2_04 · NACE C,Ausfalltage des typischen Unfalls in der Schweiz 2023 für Abschnitt C: aus den publizierten Ausfalltage-Klassen von 14 011 Unfällen mit vier und mehr Ausfalltagen interpoliert (Eurostat  europäische Unfallstatistik). Beschreibt Unfälle  nicht Unternehmen; Ihr Wert ist ein Durchschnitt je Unfall.,Days lost by the typical accident in Switzerland in 2023 for section C: interpolated from the published days lost bands of 14 011 accidents with four or more days lost (Eurostat  European accident statistics). Describes accidents  not companies; your figure is an average per accident.,false,false
lost_days_per_incident,D,all,2023,13.8,13.8,13.8,,"Eurostat, hsw_n2_04 (ESAW), Schweiz 2023",https://ec.europa.eu/eurostat/databrowser/view/hsw_n2_04/default/table,"Eurostat hsw_n2_04, Schweiz 2023, NACE D, 460 Unfälle mit 4 und mehr Ausfalltagen (tödliche ausgeschlossen). Median linear innerhalb der Klasse interpoliert, die den mittleren Unfall enthält (Klassen 4–6, 7–13, 14–20, 21–30, 31–90, 91–182, 183+ Tage). Gelesen am 12.09.2026 über die Eurostat-API.","Eurostat hsw_n2_04, Switzerland 2023, NACE D, 460 accidents with 4 or more days lost (fatal excluded). Median interpolated linearly inside the band holding the median accident (bands 4 to 6, 7 to 13, 14 to 20, 21 to 30, 31 to 90, 91 to 182, 183 and more days). Read on 2026-09-12 through the Eurostat API.",Eurostat hsw_n2_04 · NACE D,Ausfalltage des typischen Unfalls in der Schweiz 2023 für Abschnitt D: aus den publizierten Ausfalltage-Klassen von 460 Unfällen mit vier und mehr Ausfalltagen interpoliert (Eurostat  europäische Unfallstatistik). Beschreibt Unfälle  nicht Unternehmen; Ihr Wert ist ein Durchschnitt je Unfall.,Days lost by the typical accident in Switzerland in 2023 for section D: interpolated from the published days lost bands of 460 accidents with four or more days lost (Eurostat  European accident statistics). Describes accidents  not companies; your figure is an average per accident.,false,false
lost_days_per_incident,E,all,2023,16.4,16.4,16.4,,"Eurostat, hsw_n2_04 (ESAW), Schweiz 2023",https://ec.europa.eu/eurostat/databrowser/view/hsw_n2_04/default/table,"Eurostat hsw_n2_04, Schweiz 2023, NACE E, 984 Unfälle mit 4 und mehr Ausfalltagen (tödliche ausgeschlossen). Median linear innerhalb der Klasse interpoliert, die den mittleren Unfall enthält (Klassen 4–6, 7–13, 14–20, 21–30, 31–90, 91–182, 183+ Tage). Gelesen am 12.09.2026 über die Eurostat-API.","Eurostat hsw_n2_04, Switzerland 2023, NACE E, 984 accidents with 4 or more days lost (fatal excluded). Median interpolated linearly inside the band holding the median accident (bands 4 to 6, 7 to 13, 14 to 20, 21 to 30, 31 to 90, 91 to 182, 183 and more days). Read on 2026-09-12 through the Eurostat API.",Eurostat hsw_n2_04 · NACE E,Ausfalltage des typischen Unfalls in der Schweiz 2023 für Abschnitt E: aus den publizierten Ausfalltage-Klassen von 984 Unfällen mit vier und mehr Ausfalltagen interpoliert (Eurostat  europäische Unfallstatistik). Beschreibt Unfälle  nicht Unternehmen; Ihr Wert ist ein Durchschnitt je Unfall.,Days lost by the typical accident in Switzerland in 2023 for section E: interpolated from the published days lost bands of 984 accidents with four or more days lost (Eurostat  European accident statistics). Describes accidents  not companies; your figure is an average per accident.,false,false
lost_days_per_incident,F,all,2023,17.8,17.8,17.8,,"Eurostat, hsw_n2_04 (ESAW), Schweiz 2023",https://ec.europa.eu/eurostat/databrowser/view/hsw_n2_04/default/table,"Eurostat hsw_n2_04, Schweiz 2023, NACE F, 23531 Unfälle mit 4 und mehr Ausfalltagen (tödliche ausgeschlossen). Median linear innerhalb der Klasse interpoliert, die den mittleren Unfall enthält (Klassen 4–6, 7–13, 14–20, 21–30, 31–90, 91–182, 183+ Tage). Gelesen am 12.09.2026 über die Eurostat-API.","Eurostat hsw_n2_04, Switzerland 2023, NACE F, 23531 accidents with 4 or more days lost (fatal excluded). Median interpolated linearly inside the band holding the median accident (bands 4 to 6, 7 to 13, 14 to 20, 21 to 30, 31 to 90, 91 to 182, 183 and more days). Read on 2026-09-12 through the Eurostat API.",Eurostat hsw_n2_04 · NACE F,Ausfalltage des typischen Unfalls in der Schweiz 2023 für Abschnitt F: aus den publizierten Ausfalltage-Klassen von 23 531 Unfällen mit vier und mehr Ausfalltagen interpoliert (Eurostat  europäische Unfallstatistik). Beschreibt Unfälle  nicht Unternehmen; Ihr Wert ist ein Durchschnitt je Unfall.,Days lost by the typical accident in Switzerland in 2023 for section F: interpolated from the published days lost bands of 23 531 accidents with four or more days lost (Eurostat  European accident statistics). Describes accidents  not companies; your figure is an average per accident.,false,false
lost_days_per_incident,G,all,2023,15.0,15.0,15.0,,"Eurostat, hsw_n2_04 (ESAW), Schweiz 2023",https://ec.europa.eu/eurostat/databrowser/view/hsw_n2_04/default/table,"Eurostat hsw_n2_04, Schweiz 2023, NACE G, 11045 Unfälle mit 4 und mehr Ausfalltagen (tödliche ausgeschlossen). Median linear innerhalb der Klasse interpoliert, die den mittleren Unfall enthält (Klassen 4–6, 7–13, 14–20, 21–30, 31–90, 91–182, 183+ Tage). Gelesen am 12.09.2026 über die Eurostat-API.","Eurostat hsw_n2_04, Switzerland 2023, NACE G, 11045 accidents with 4 or more days lost (fatal excluded). Median interpolated linearly inside the band holding the median accident (bands 4 to 6, 7 to 13, 14 to 20, 21 to 30, 31 to 90, 91 to 182, 183 and more days). Read on 2026-09-12 through the Eurostat API.",Eurostat hsw_n2_04 · NACE G,Ausfalltage des typischen Unfalls in der Schweiz 2023 für Abschnitt G: aus den publizierten Ausfalltage-Klassen von 11 045 Unfällen mit vier und mehr Ausfalltagen interpoliert (Eurostat  europäische Unfallstatistik). Beschreibt Unfälle  nicht Unternehmen; Ihr Wert ist ein Durchschnitt je Unfall.,Days lost by the typical accident in Switzerland in 2023 for section G: interpolated from the published days lost bands of 11 045 accidents with four or more days lost (Eurostat  European accident statistics). Describes accidents  not companies; your figure is an average per accident.,false,false
lost_days_per_incident,H,all,2023,18.2,18.2,18.2,,"Eurostat, hsw_n2_04 (ESAW), Schweiz 2023",https://ec.europa.eu/eurostat/databrowser/view/hsw_n2_04/default/table,"Eurostat hsw_n2_04, Schweiz 2023, NACE H, 7088 Unfälle mit 4 und mehr Ausfalltagen (tödliche ausgeschlossen). Median linear innerhalb der Klasse interpoliert, die den mittleren Unfall enthält (Klassen 4–6, 7–13, 14–20, 21–30, 31–90, 91–182, 183+ Tage). Gelesen am 12.09.2026 über die Eurostat-API.","Eurostat hsw_n2_04, Switzerland 2023, NACE H, 7088 accidents with 4 or more days lost (fatal excluded). Median interpolated linearly inside the band holding the median accident (bands 4 to 6, 7 to 13, 14 to 20, 21 to 30, 31 to 90, 91 to 182, 183 and more days). Read on 2026-09-12 through the Eurostat API.",Eurostat hsw_n2_04 · NACE H,Ausfalltage des typischen Unfalls in der Schweiz 2023 für Abschnitt H: aus den publizierten Ausfalltage-Klassen von 7 088 Unfällen mit vier und mehr Ausfalltagen interpoliert (Eurostat  europäische Unfallstatistik). Beschreibt Unfälle  nicht Unternehmen; Ihr Wert ist ein Durchschnitt je Unfall.,Days lost by the typical accident in Switzerland in 2023 for section H: interpolated from the published days lost bands of 7 088 accidents with four or more days lost (Eurostat  European accident statistics). Describes accidents  not companies; your figure is an average per accident.,false,false
lost_days_per_incident,I,all,2023,14.3,14.3,14.3,,"Eurostat, hsw_n2_04 (ESAW), Schweiz 2023",https://ec.europa.eu/eurostat/databrowser/view/hsw_n2_04/default/table,"Eurostat hsw_n2_04, Schweiz 2023, NACE I, 5661 Unfälle mit 4 und mehr Ausfalltagen (tödliche ausgeschlossen). Median linear innerhalb der Klasse interpoliert, die den mittleren Unfall enthält (Klassen 4–6, 7–13, 14–20, 21–30, 31–90, 91–182, 183+ Tage). Gelesen am 12.09.2026 über die Eurostat-API.","Eurostat hsw_n2_04, Switzerland 2023, NACE I, 5661 accidents with 4 or more days lost (fatal excluded). Median interpolated linearly inside the band holding the median accident (bands 4 to 6, 7 to 13, 14 to 20, 21 to 30, 31 to 90, 91 to 182, 183 and more days). Read on 2026-09-12 through the Eurostat API.",Eurostat hsw_n2_04 · NACE I,Ausfalltage des typischen Unfalls in der Schweiz 2023 für Abschnitt I: aus den publizierten Ausfalltage-Klassen von 5 661 Unfällen mit vier und mehr Ausfalltagen interpoliert (Eurostat  europäische Unfallstatistik). Beschreibt Unfälle  nicht Unternehmen; Ihr Wert ist ein Durchschnitt je Unfall.,Days lost by the typical accident in Switzerland in 2023 for section I: interpolated from the published days lost bands of 5 661 accidents with four or more days lost (Eurostat  European accident statistics). Describes accidents  not companies; your figure is an average per accident.,false,false
lost_days_per_incident,J,all,2023,15.5,15.5,15.5,,"Eurostat, hsw_n2_04 (ESAW), Schweiz 2023",https://ec.europa.eu/eurostat/databrowser/view/hsw_n2_04/default/table,"Eurostat hsw_n2_04, Schweiz 2023, NACE J, 556 Unfälle mit 4 und mehr Ausfalltagen (tödliche ausgeschlossen). Median linear innerhalb der Klasse interpoliert, die den mittleren Unfall enthält (Klassen 4–6, 7–13, 14–20, 21–30, 31–90, 91–182, 183+ Tage). Gelesen am 12.09.2026 über die Eurostat-API.","Eurostat hsw_n2_04, Switzerland 2023, NACE J, 556 accidents with 4 or more days lost (fatal excluded). Median interpolated linearly inside the band holding the median accident (bands 4 to 6, 7 to 13, 14 to 20, 21 to 30, 31 to 90, 91 to 182, 183 and more days). Read on 2026-09-12 through the Eurostat API.",Eurostat hsw_n2_04 · NACE J,Ausfalltage des typischen Unfalls in der Schweiz 2023 für Abschnitt J: aus den publizierten Ausfalltage-Klassen von 556 Unfällen mit vier und mehr Ausfalltagen interpoliert (Eurostat  europäische Unfallstatistik). Beschreibt Unfälle  nicht Unternehmen; Ihr Wert ist ein Durchschnitt je Unfall.,Days lost by the typical accident in Switzerland in 2023 for section J: interpolated from the published days lost bands of 556 accidents with four or more days lost (Eurostat  European accident statistics). Describes accidents  not companies; your figure is an average per accident.,false,false
lost_days_per_incident,K,all,2023,16.6,16.6,16.6,,"Eurostat, hsw_n2_04 (ESAW), Schweiz 2023",https://ec.europa.eu/eurostat/databrowser/view/hsw_n2_04/default/table,"Eurostat hsw_n2_04, Schweiz 2023, NACE K, 899 Unfälle mit 4 und mehr Ausfalltagen (tödliche ausgeschlossen). Median linear innerhalb der Klasse interpoliert, die den mittleren Unfall enthält (Klassen 4–6, 7–13, 14–20, 21–30, 31–90, 91–182, 183+ Tage). Gelesen am 12.09.2026 über die Eurostat-API.","Eurostat hsw_n2_04, Switzerland 2023, NACE K, 899 accidents with 4 or more days lost (fatal excluded). Median interpolated linearly inside the band holding the median accident (bands 4 to 6, 7 to 13, 14 to 20, 21 to 30, 31 to 90, 91 to 182, 183 and more days). Read on 2026-09-12 through the Eurostat API.",Eurostat hsw_n2_04 · NACE K,Ausfalltage des typischen Unfalls in der Schweiz 2023 für Abschnitt K: aus den publizierten Ausfalltage-Klassen von 899 Unfällen mit vier und mehr Ausfalltagen interpoliert (Eurostat  europäische Unfallstatistik). Beschreibt Unfälle  nicht Unternehmen; Ihr Wert ist ein Durchschnitt je Unfall.,Days lost by the typical accident in Switzerland in 2023 for section K: interpolated from the published days lost bands of 899 accidents with four or more days lost (Eurostat  European accident statistics). Describes accidents  not companies; your figure is an average per accident.,false,false
lost_days_per_incident,L,all,2023,19.2,19.2,19.2,,"Eurostat, hsw_n2_04 (ESAW), Schweiz 2023",https://ec.europa.eu/eurostat/databrowser/view/hsw_n2_04/default/table,"Eurostat hsw_n2_04, Schweiz 2023, NACE L, 603 Unfälle mit 4 und mehr Ausfalltagen (tödliche ausgeschlossen). Median linear innerhalb der Klasse interpoliert, die den mittleren Unfall enthält (Klassen 4–6, 7–13, 14–20, 21–30, 31–90, 91–182, 183+ Tage). Gelesen am 12.09.2026 über die Eurostat-API.","Eurostat hsw_n2_04, Switzerland 2023, NACE L, 603 accidents with 4 or more days lost (fatal excluded). Median interpolated linearly inside the band holding the median accident (bands 4 to 6, 7 to 13, 14 to 20, 21 to 30, 31 to 90, 91 to 182, 183 and more days). Read on 2026-09-12 through the Eurostat API.",Eurostat hsw_n2_04 · NACE L,Ausfalltage des typischen Unfalls in der Schweiz 2023 für Abschnitt L: aus den publizierten Ausfalltage-Klassen von 603 Unfällen mit vier und mehr Ausfalltagen interpoliert (Eurostat  europäische Unfallstatistik). Beschreibt Unfälle  nicht Unternehmen; Ihr Wert ist ein Durchschnitt je Unfall.,Days lost by the typical accident in Switzerland in 2023 for section L: interpolated from the published days lost bands of 603 accidents with four or more days lost (Eurostat  European accident statistics). Describes accidents  not companies; your figure is an average per accident.,false,false
lost_days_per_incident,M,all,2023,14.7,14.7,14.7,,"Eurostat, hsw_n2_04 (ESAW), Schweiz 2023",https://ec.europa.eu/eurostat/databrowser/view/hsw_n2_04/default/table,"Eurostat hsw_n2_04, Schweiz 2023, NACE M, 2340 Unfälle mit 4 und mehr Ausfalltagen (tödliche ausgeschlossen). Median linear innerhalb der Klasse interpoliert, die den mittleren Unfall enthält (Klassen 4–6, 7–13, 14–20, 21–30, 31–90, 91–182, 183+ Tage). Gelesen am 12.09.2026 über die Eurostat-API.","Eurostat hsw_n2_04, Switzerland 2023, NACE M, 2340 accidents with 4 or more days lost (fatal excluded). Median interpolated linearly inside the band holding the median accident (bands 4 to 6, 7 to 13, 14 to 20, 21 to 30, 31 to 90, 91 to 182, 183 and more days). Read on 2026-09-12 through the Eurostat API.",Eurostat hsw_n2_04 · NACE M,Ausfalltage des typischen Unfalls in der Schweiz 2023 für Abschnitt M: aus den publizierten Ausfalltage-Klassen von 2 340 Unfällen mit vier und mehr Ausfalltagen interpoliert (Eurostat  europäische Unfallstatistik). Beschreibt Unfälle  nicht Unternehmen; Ihr Wert ist ein Durchschnitt je Unfall.,Days lost by the typical accident in Switzerland in 2023 for section M: interpolated from the published days lost bands of 2 340 accidents with four or more days lost (Eurostat  European accident statistics). Describes accidents  not companies; your figure is an average per accident.,false,false
lost_days_per_incident,N,all,2023,18.4,18.4,18.4,,"Eurostat, hsw_n2_04 (ESAW), Schweiz 2023",https://ec.europa.eu/eurostat/databrowser/view/hsw_n2_04/default/table,"Eurostat hsw_n2_04, Schweiz 2023, NACE N, 13116 Unfälle mit 4 und mehr Ausfalltagen (tödliche ausgeschlossen). Median linear innerhalb der Klasse interpoliert, die den mittleren Unfall enthält (Klassen 4–6, 7–13, 14–20, 21–30, 31–90, 91–182, 183+ Tage). Gelesen am 12.09.2026 über die Eurostat-API.","Eurostat hsw_n2_04, Switzerland 2023, NACE N, 13116 accidents with 4 or more days lost (fatal excluded). Median interpolated linearly inside the band holding the median accident (bands 4 to 6, 7 to 13, 14 to 20, 21 to 30, 31 to 90, 91 to 182, 183 and more days). Read on 2026-09-12 through the Eurostat API.",Eurostat hsw_n2_04 · NACE N,Ausfalltage des typischen Unfalls in der Schweiz 2023 für Abschnitt N: aus den publizierten Ausfalltage-Klassen von 13 116 Unfällen mit vier und mehr Ausfalltagen interpoliert (Eurostat  europäische Unfallstatistik). Beschreibt Unfälle  nicht Unternehmen; Ihr Wert ist ein Durchschnitt je Unfall.,Days lost by the typical accident in Switzerland in 2023 for section N: interpolated from the published days lost bands of 13 116 accidents with four or more days lost (Eurostat  European accident statistics). Describes accidents  not companies; your figure is an average per accident.,false,false
lost_days_per_incident,O,all,2023,14.9,14.9,14.9,,"Eurostat, hsw_n2_04 (ESAW), Schweiz 2023",https://ec.europa.eu/eurostat/databrowser/view/hsw_n2_04/default/table,"Eurostat hsw_n2_04, Schweiz 2023, NACE O, 4578 Unfälle mit 4 und mehr Ausfalltagen (tödliche ausgeschlossen). Median linear innerhalb der Klasse interpoliert, die den mittleren Unfall enthält (Klassen 4–6, 7–13, 14–20, 21–30, 31–90, 91–182, 183+ Tage). Gelesen am 12.09.2026 über die Eurostat-API.","Eurostat hsw_n2_04, Switzerland 2023, NACE O, 4578 accidents with 4 or more days lost (fatal excluded). Median interpolated linearly inside the band holding the median accident (bands 4 to 6, 7 to 13, 14 to 20, 21 to 30, 31 to 90, 91 to 182, 183 and more days). Read on 2026-09-12 through the Eurostat API.",Eurostat hsw_n2_04 · NACE O,Ausfalltage des typischen Unfalls in der Schweiz 2023 für Abschnitt O: aus den publizierten Ausfalltage-Klassen von 4 578 Unfällen mit vier und mehr Ausfalltagen interpoliert (Eurostat  europäische Unfallstatistik). Beschreibt Unfälle  nicht Unternehmen; Ihr Wert ist ein Durchschnitt je Unfall.,Days lost by the typical accident in Switzerland in 2023 for section O: interpolated from the published days lost bands of 4 578 accidents with four or more days lost (Eurostat  European accident statistics). Describes accidents  not companies; your figure is an average per accident.,false,false
lost_days_per_incident,P,all,2023,13.7,13.7,13.7,,"Eurostat, hsw_n2_04 (ESAW), Schweiz 2023",https://ec.europa.eu/eurostat/databrowser/view/hsw_n2_04/default/table,"Eurostat hsw_n2_04, Schweiz 2023, NACE P, 1151 Unfälle mit 4 und mehr Ausfalltagen (tödliche ausgeschlossen). Median linear innerhalb der Klasse interpoliert, die den mittleren Unfall enthält (Klassen 4–6, 7–13, 14–20, 21–30, 31–90, 91–182, 183+ Tage). Gelesen am 12.09.2026 über die Eurostat-API.","Eurostat hsw_n2_04, Switzerland 2023, NACE P, 1151 accidents with 4 or more days lost (fatal excluded). Median interpolated linearly inside the band holding the median accident (bands 4 to 6, 7 to 13, 14 to 20, 21 to 30, 31 to 90, 91 to 182, 183 and more days). Read on 2026-09-12 through the Eurostat API.",Eurostat hsw_n2_04 · NACE P,Ausfalltage des typischen Unfalls in der Schweiz 2023 für Abschnitt P: aus den publizierten Ausfalltage-Klassen von 1 151 Unfällen mit vier und mehr Ausfalltagen interpoliert (Eurostat  europäische Unfallstatistik). Beschreibt Unfälle  nicht Unternehmen; Ihr Wert ist ein Durchschnitt je Unfall.,Days lost by the typical accident in Switzerland in 2023 for section P: interpolated from the published days lost bands of 1 151 accidents with four or more days lost (Eurostat  European accident statistics). Describes accidents  not companies; your figure is an average per accident.,false,false
lost_days_per_incident,Q,all,2023,13.6,13.6,13.6,,"Eurostat, hsw_n2_04 (ESAW), Schweiz 2023",https://ec.europa.eu/eurostat/databrowser/view/hsw_n2_04/default/table,"Eurostat hsw_n2_04, Schweiz 2023, NACE Q, 7372 Unfälle mit 4 und mehr Ausfalltagen (tödliche ausgeschlossen). Median linear innerhalb der Klasse interpoliert, die den mittleren Unfall enthält (Klassen 4–6, 7–13, 14–20, 21–30, 31–90, 91–182, 183+ Tage). Gelesen am 12.09.2026 über die Eurostat-API.","Eurostat hsw_n2_04, Switzerland 2023, NACE Q, 7372 accidents with 4 or more days lost (fatal excluded). Median interpolated linearly inside the band holding the median accident (bands 4 to 6, 7 to 13, 14 to 20, 21 to 30, 31 to 90, 91 to 182, 183 and more days). Read on 2026-09-12 through the Eurostat API.",Eurostat hsw_n2_04 · NACE Q,Ausfalltage des typischen Unfalls in der Schweiz 2023 für Abschnitt Q: aus den publizierten Ausfalltage-Klassen von 7 372 Unfällen mit vier und mehr Ausfalltagen interpoliert (Eurostat  europäische Unfallstatistik). Beschreibt Unfälle  nicht Unternehmen; Ihr Wert ist ein Durchschnitt je Unfall.,Days lost by the typical accident in Switzerland in 2023 for section Q: interpolated from the published days lost bands of 7 372 accidents with four or more days lost (Eurostat  European accident statistics). Describes accidents  not companies; your figure is an average per accident.,false,false
lost_days_per_incident,R,all,2023,20.9,20.9,20.9,,"Eurostat, hsw_n2_04 (ESAW), Schweiz 2023",https://ec.europa.eu/eurostat/databrowser/view/hsw_n2_04/default/table,"Eurostat hsw_n2_04, Schweiz 2023, NACE R, 2271 Unfälle mit 4 und mehr Ausfalltagen (tödliche ausgeschlossen). Median linear innerhalb der Klasse interpoliert, die den mittleren Unfall enthält (Klassen 4–6, 7–13, 14–20, 21–30, 31–90, 91–182, 183+ Tage). Gelesen am 12.09.2026 über die Eurostat-API.","Eurostat hsw_n2_04, Switzerland 2023, NACE R, 2271 accidents with 4 or more days lost (fatal excluded). Median interpolated linearly inside the band holding the median accident (bands 4 to 6, 7 to 13, 14 to 20, 21 to 30, 31 to 90, 91 to 182, 183 and more days). Read on 2026-09-12 through the Eurostat API.",Eurostat hsw_n2_04 · NACE R,Ausfalltage des typischen Unfalls in der Schweiz 2023 für Abschnitt R: aus den publizierten Ausfalltage-Klassen von 2 271 Unfällen mit vier und mehr Ausfalltagen interpoliert (Eurostat  europäische Unfallstatistik). Beschreibt Unfälle  nicht Unternehmen; Ihr Wert ist ein Durchschnitt je Unfall.,Days lost by the typical accident in Switzerland in 2023 for section R: interpolated from the published days lost bands of 2 271 accidents with four or more days lost (Eurostat  European accident statistics). Describes accidents  not companies; your figure is an average per accident.,false,false
lost_days_per_incident,S,all,2023,16.6,16.6,16.6,,"Eurostat, hsw_n2_04 (ESAW), Schweiz 2023",https://ec.europa.eu/eurostat/databrowser/view/hsw_n2_04/default/table,"Eurostat hsw_n2_04, Schweiz 2023, NACE S, 1022 Unfälle mit 4 und mehr Ausfalltagen (tödliche ausgeschlossen). Median linear innerhalb der Klasse interpoliert, die den mittleren Unfall enthält (Klassen 4–6, 7–13, 14–20, 21–30, 31–90, 91–182, 183+ Tage). Gelesen am 12.09.2026 über die Eurostat-API.","Eurostat hsw_n2_04, Switzerland 2023, NACE S, 1022 accidents with 4 or more days lost (fatal excluded). Median interpolated linearly inside the band holding the median accident (bands 4 to 6, 7 to 13, 14 to 20, 21 to 30, 31 to 90, 91 to 182, 183 and more days). Read on 2026-09-12 through the Eurostat API.",Eurostat hsw_n2_04 · NACE S,Ausfalltage des typischen Unfalls in der Schweiz 2023 für Abschnitt S: aus den publizierten Ausfalltage-Klassen von 1 022 Unfällen mit vier und mehr Ausfalltagen interpoliert (Eurostat  europäische Unfallstatistik). Beschreibt Unfälle  nicht Unternehmen; Ihr Wert ist ein Durchschnitt je Unfall.,Days lost by the typical accident in Switzerland in 2023 for section S: interpolated from the published days lost bands of 1 022 accidents with four or more days lost (Eurostat  European accident statistics). Describes accidents  not companies; your figure is an average per accident.,false,false
lost_days_per_incident,T,all,2023,24.9,24.9,24.9,,"Eurostat, hsw_n2_04 (ESAW), Schweiz 2023",https://ec.europa.eu/eurostat/databrowser/view/hsw_n2_04/default/table,"Eurostat hsw_n2_04, Schweiz 2023, NACE T, 241 Unfälle mit 4 und mehr Ausfalltagen (tödliche ausgeschlossen). Median linear innerhalb der Klasse interpoliert, die den mittleren Unfall enthält (Klassen 4–6, 7–13, 14–20, 21–30, 31–90, 91–182, 183+ Tage). Gelesen am 12.09.2026 über die Eurostat-API.","Eurostat hsw_n2_04, Switzerland 2023, NACE T, 241 accidents with 4 or more days lost (fatal excluded). Median interpolated linearly inside the band holding the median accident (bands 4 to 6, 7 to 13, 14 to 20, 21 to 30, 31 to 90, 91 to 182, 183 and more days). Read on 2026-09-12 through the Eurostat API.",Eurostat hsw_n2_04 · NACE T,Ausfalltage des typischen Unfalls in der Schweiz 2023 für Abschnitt T: aus den publizierten Ausfalltage-Klassen von 241 Unfällen mit vier und mehr Ausfalltagen interpoliert (Eurostat  europäische Unfallstatistik). Beschreibt Unfälle  nicht Unternehmen; Ihr Wert ist ein Durchschnitt je Unfall.,Days lost by the typical accident in Switzerland in 2023 for section T: interpolated from the published days lost bands of 241 accidents with four or more days lost (Eurostat  European accident statistics). Describes accidents  not companies; your figure is an average per accident.,false,false
fatalities,ALL,all,2023,1.13,1.13,1.13,,"Eurostat, hsw_n2_02 (ESAW), Schweiz 2023",https://ec.europa.eu/eurostat/databrowser/view/hsw_n2_02/default/table,"Eurostat hsw_n2_02, Schweiz 2023, NACE Total: 48 tödliche Arbeitsunfälle, Inzidenzrate 1.13 je 100 000 Erwerbstätige (Einheit RT_INC). Gelesen am 12.09.2026 über die Eurostat-API.","Eurostat hsw_n2_02, Switzerland 2023, NACE Total: 48 fatal accidents at work, incidence rate 1.13 per 100 000 employed persons (unit RT_INC). Read on 2026-09-12 through the Eurostat API.",Eurostat hsw_n2_02 · NACE A–U,"Tödliche Arbeitsunfälle je 100 000 Erwerbstätige in der Schweiz 2023 für alle Branchen (48 Todesfälle; Eurostat, europäische Unfallstatistik). Ihre Anzahl wird über Ihren Personalbestand (Vollzeitäquivalente, nicht Erwerbstätige) in dieselbe Rate umgerechnet.","Fatal accidents at work per 100 000 employed persons in Switzerland in 2023 for all industries (48 deaths; Eurostat, European accident statistics). Your count is converted to the same rate from your headcount, which is full time equivalents rather than employed persons.",false,false
fatalities,A,all,2023,17.36,17.36,17.36,,"Eurostat, hsw_n2_02 (ESAW), Schweiz 2023",https://ec.europa.eu/eurostat/databrowser/view/hsw_n2_02/default/table,"Eurostat hsw_n2_02, Schweiz 2023, NACE A: 6 tödliche Arbeitsunfälle, Inzidenzrate 17.36 je 100 000 Erwerbstätige (Einheit RT_INC). Gelesen am 12.09.2026 über die Eurostat-API.","Eurostat hsw_n2_02, Switzerland 2023, NACE A: 6 fatal accidents at work, incidence rate 17.36 per 100 000 employed persons (unit RT_INC). Read on 2026-09-12 through the Eurostat API.",Eurostat hsw_n2_02 · NACE A,"Tödliche Arbeitsunfälle je 100 000 Erwerbstätige in der Schweiz 2023 für Abschnitt A (6 Todesfälle; Eurostat, europäische Unfallstatistik). Ihre Anzahl wird über Ihren Personalbestand (Vollzeitäquivalente, nicht Erwerbstätige) in dieselbe Rate umgerechnet.","Fatal accidents at work per 100 000 employed persons in Switzerland in 2023 for section A (6 deaths; Eurostat, European accident statistics). Your count is converted to the same rate from your headcount, which is full time equivalents rather than employed persons.",false,false
fatalities,B,all,2023,0,0,0,,"Eurostat, hsw_n2_02 (ESAW), Schweiz 2023",https://ec.europa.eu/eurostat/databrowser/view/hsw_n2_02/default/table,"Eurostat hsw_n2_02, Schweiz 2023, NACE B: 0 tödliche Arbeitsunfälle, Inzidenzrate 0 je 100 000 Erwerbstätige (Einheit RT_INC). Gelesen am 12.09.2026 über die Eurostat-API.","Eurostat hsw_n2_02, Switzerland 2023, NACE B: 0 fatal accidents at work, incidence rate 0 per 100 000 employed persons (unit RT_INC). Read on 2026-09-12 through the Eurostat API.",Eurostat hsw_n2_02 · NACE B,"Tödliche Arbeitsunfälle je 100 000 Erwerbstätige in der Schweiz 2023 für Abschnitt B (0 Todesfälle; Eurostat, europäische Unfallstatistik). Ihre Anzahl wird über Ihren Personalbestand (Vollzeitäquivalente, nicht Erwerbstätige) in dieselbe Rate umgerechnet.","Fatal accidents at work per 100 000 employed persons in Switzerland in 2023 for section B (0 deaths; Eurostat, European accident statistics). Your count is converted to the same rate from your headcount, which is full time equivalents rather than employed persons.",false,false
fatalities,C,all,2023,0.55,0.55,0.55,,"Eurostat, hsw_n2_02 (ESAW), Schweiz 2023",https://ec.europa.eu/eurostat/databrowser/view/hsw_n2_02/default/table,"Eurostat hsw_n2_02, Schweiz 2023, NACE C: 3 tödliche Arbeitsunfälle, Inzidenzrate 0.55 je 100 000 Erwerbstätige (Einheit RT_INC). Gelesen am 12.09.2026 über die Eurostat-API.","Eurostat hsw_n2_02, Switzerland 2023, NACE C: 3 fatal accidents at work, incidence rate 0.55 per 100 000 employed persons (unit RT_INC). Read on 2026-09-12 through the Eurostat API.",Eurostat hsw_n2_02 · NACE C,"Tödliche Arbeitsunfälle je 100 000 Erwerbstätige in der Schweiz 2023 für Abschnitt C (3 Todesfälle; Eurostat, europäische Unfallstatistik). Ihre Anzahl wird über Ihren Personalbestand (Vollzeitäquivalente, nicht Erwerbstätige) in dieselbe Rate umgerechnet.","Fatal accidents at work per 100 000 employed persons in Switzerland in 2023 for section C (3 deaths; Eurostat, European accident statistics). Your count is converted to the same rate from your headcount, which is full time equivalents rather than employed persons.",false,false
fatalities,D,all,2023,3.64,3.64,3.64,,"Eurostat, hsw_n2_02 (ESAW), Schweiz 2023",https://ec.europa.eu/eurostat/databrowser/view/hsw_n2_02/default/table,"Eurostat hsw_n2_02, Schweiz 2023, NACE D: 1 tödliche Arbeitsunfälle, Inzidenzrate 3.64 je 100 000 Erwerbstätige (Einheit RT_INC). Gelesen am 12.09.2026 über die Eurostat-API.","Eurostat hsw_n2_02, Switzerland 2023, NACE D: 1 fatal accidents at work, incidence rate 3.64 per 100 000 employed persons (unit RT_INC). Read on 2026-09-12 through the Eurostat API.",Eurostat hsw_n2_02 · NACE D,"Tödliche Arbeitsunfälle je 100 000 Erwerbstätige in der Schweiz 2023 für Abschnitt D (1 Todesfälle; Eurostat, europäische Unfallstatistik). Ihre Anzahl wird über Ihren Personalbestand (Vollzeitäquivalente, nicht Erwerbstätige) in dieselbe Rate umgerechnet.","Fatal accidents at work per 100 000 employed persons in Switzerland in 2023 for section D (1 deaths; Eurostat, European accident statistics). Your count is converted to the same rate from your headcount, which is full time equivalents rather than employed persons.",false,false
fatalities,E,all,2023,6.25,6.25,6.25,,"Eurostat, hsw_n2_02 (ESAW), Schweiz 2023",https://ec.europa.eu/eurostat/databrowser/view/hsw_n2_02/default/table,"Eurostat hsw_n2_02, Schweiz 2023, NACE E: 1 tödliche Arbeitsunfälle, Inzidenzrate 6.25 je 100 000 Erwerbstätige (Einheit RT_INC). Gelesen am 12.09.2026 über die Eurostat-API.","Eurostat hsw_n2_02, Switzerland 2023, NACE E: 1 fatal accidents at work, incidence rate 6.25 per 100 000 employed persons (unit RT_INC). Read on 2026-09-12 through the Eurostat API.",Eurostat hsw_n2_02 · NACE E,"Tödliche Arbeitsunfälle je 100 000 Erwerbstätige in der Schweiz 2023 für Abschnitt E (1 Todesfälle; Eurostat, europäische Unfallstatistik). Ihre Anzahl wird über Ihren Personalbestand (Vollzeitäquivalente, nicht Erwerbstätige) in dieselbe Rate umgerechnet.","Fatal accidents at work per 100 000 employed persons in Switzerland in 2023 for section E (1 deaths; Eurostat, European accident statistics). Your count is converted to the same rate from your headcount, which is full time equivalents rather than employed persons.",false,false
fatalities,F,all,2023,4.94,4.94,4.94,,"Eurostat, hsw_n2_02 (ESAW), Schweiz 2023",https://ec.europa.eu/eurostat/databrowser/view/hsw_n2_02/default/table,"Eurostat hsw_n2_02, Schweiz 2023, NACE F: 14 tödliche Arbeitsunfälle, Inzidenzrate 4.94 je 100 000 Erwerbstätige (Einheit RT_INC). Gelesen am 12.09.2026 über die Eurostat-API.","Eurostat hsw_n2_02, Switzerland 2023, NACE F: 14 fatal accidents at work, incidence rate 4.94 per 100 000 employed persons (unit RT_INC). Read on 2026-09-12 through the Eurostat API.",Eurostat hsw_n2_02 · NACE F,"Tödliche Arbeitsunfälle je 100 000 Erwerbstätige in der Schweiz 2023 für Abschnitt F (14 Todesfälle; Eurostat, europäische Unfallstatistik). Ihre Anzahl wird über Ihren Personalbestand (Vollzeitäquivalente, nicht Erwerbstätige) in dieselbe Rate umgerechnet.","Fatal accidents at work per 100 000 employed persons in Switzerland in 2023 for section F (14 deaths; Eurostat, European accident statistics). Your count is converted to the same rate from your headcount, which is full time equivalents rather than employed persons.",false,false
fatalities,G,all,2023,0.81,0.81,0.81,,"Eurostat, hsw_n2_02 (ESAW), Schweiz 2023",https://ec.europa.eu/eurostat/databrowser/view/hsw_n2_02/default/table,"Eurostat hsw_n2_02, Schweiz 2023, NACE G: 4 tödliche Arbeitsunfälle, Inzidenzrate 0.81 je 100 000 Erwerbstätige (Einheit RT_INC). Gelesen am 12.09.2026 über die Eurostat-API.","Eurostat hsw_n2_02, Switzerland 2023, NACE G: 4 fatal accidents at work, incidence rate 0.81 per 100 000 employed persons (unit RT_INC). Read on 2026-09-12 through the Eurostat API.",Eurostat hsw_n2_02 · NACE G,"Tödliche Arbeitsunfälle je 100 000 Erwerbstätige in der Schweiz 2023 für Abschnitt G (4 Todesfälle; Eurostat, europäische Unfallstatistik). Ihre Anzahl wird über Ihren Personalbestand (Vollzeitäquivalente, nicht Erwerbstätige) in dieselbe Rate umgerechnet.","Fatal accidents at work per 100 000 employed persons in Switzerland in 2023 for section G (4 deaths; Eurostat, European accident statistics). Your count is converted to the same rate from your headcount, which is full time equivalents rather than employed persons.",false,false
fatalities,H,all,2023,5.4,5.4,5.4,,"Eurostat, hsw_n2_02 (ESAW), Schweiz 2023",https://ec.europa.eu/eurostat/databrowser/view/hsw_n2_02/default/table,"Eurostat hsw_n2_02, Schweiz 2023, NACE H: 11 tödliche Arbeitsunfälle, Inzidenzrate 5.4 je 100 000 Erwerbstätige (Einheit RT_INC). Gelesen am 12.09.2026 über die Eurostat-API.","Eurostat hsw_n2_02, Switzerland 2023, NACE H: 11 fatal accidents at work, incidence rate 5.4 per 100 000 employed persons (unit RT_INC). Read on 2026-09-12 through the Eurostat API.",Eurostat hsw_n2_02 · NACE H,"Tödliche Arbeitsunfälle je 100 000 Erwerbstätige in der Schweiz 2023 für Abschnitt H (11 Todesfälle; Eurostat, europäische Unfallstatistik). Ihre Anzahl wird über Ihren Personalbestand (Vollzeitäquivalente, nicht Erwerbstätige) in dieselbe Rate umgerechnet.","Fatal accidents at work per 100 000 employed persons in Switzerland in 2023 for section H (11 deaths; Eurostat, European accident statistics). Your count is converted to the same rate from your headcount, which is full time equivalents rather than employed persons.",false,false
fatalities,I,all,2023,0.59,0.59,0.59,,"Eurostat, hsw_n2_02 (ESAW), Schweiz 2023",https://ec.europa.eu/eurostat/databrowser/view/hsw_n2_02/default/table,"Eurostat hsw_n2_02, Schweiz 2023, NACE I: 1 tödliche Arbeitsunfälle, Inzidenzrate 0.59 je 100 000 Erwerbstätige (Einheit RT_INC). Gelesen am 12.09.2026 über die Eurostat-API.","Eurostat hsw_n2_02, Switzerland 2023, NACE I: 1 fatal accidents at work, incidence rate 0.59 per 100 000 employed persons (unit RT_INC). Read on 2026-09-12 through the Eurostat API.",Eurostat hsw_n2_02 · NACE I,"Tödliche Arbeitsunfälle je 100 000 Erwerbstätige in der Schweiz 2023 für Abschnitt I (1 Todesfälle; Eurostat, europäische Unfallstatistik). Ihre Anzahl wird über Ihren Personalbestand (Vollzeitäquivalente, nicht Erwerbstätige) in dieselbe Rate umgerechnet.","Fatal accidents at work per 100 000 employed persons in Switzerland in 2023 for section I (1 deaths; Eurostat, European accident statistics). Your count is converted to the same rate from your headcount, which is full time equivalents rather than employed persons.",false,false
fatalities,J,all,2023,0.56,0.56,0.56,,"Eurostat, hsw_n2_02 (ESAW), Schweiz 2023",https://ec.europa.eu/eurostat/databrowser/view/hsw_n2_02/default/table,"Eurostat hsw_n2_02, Schweiz 2023, NACE J: 1 tödliche Arbeitsunfälle, Inzidenzrate 0.56 je 100 000 Erwerbstätige (Einheit RT_INC). Gelesen am 12.09.2026 über die Eurostat-API.","Eurostat hsw_n2_02, Switzerland 2023, NACE J: 1 fatal accidents at work, incidence rate 0.56 per 100 000 employed persons (unit RT_INC). Read on 2026-09-12 through the Eurostat API.",Eurostat hsw_n2_02 · NACE J,"Tödliche Arbeitsunfälle je 100 000 Erwerbstätige in der Schweiz 2023 für Abschnitt J (1 Todesfälle; Eurostat, europäische Unfallstatistik). Ihre Anzahl wird über Ihren Personalbestand (Vollzeitäquivalente, nicht Erwerbstätige) in dieselbe Rate umgerechnet.","Fatal accidents at work per 100 000 employed persons in Switzerland in 2023 for section J (1 deaths; Eurostat, European accident statistics). Your count is converted to the same rate from your headcount, which is full time equivalents rather than employed persons.",false,false
fatalities,K,all,2023,0.39,0.39,0.39,,"Eurostat, hsw_n2_02 (ESAW), Schweiz 2023",https://ec.europa.eu/eurostat/databrowser/view/hsw_n2_02/default/table,"Eurostat hsw_n2_02, Schweiz 2023, NACE K: 1 tödliche Arbeitsunfälle, Inzidenzrate 0.39 je 100 000 Erwerbstätige (Einheit RT_INC). Gelesen am 12.09.2026 über die Eurostat-API.","Eurostat hsw_n2_02, Switzerland 2023, NACE K: 1 fatal accidents at work, incidence rate 0.39 per 100 000 employed persons (unit RT_INC). Read on 2026-09-12 through the Eurostat API.",Eurostat hsw_n2_02 · NACE K,"Tödliche Arbeitsunfälle je 100 000 Erwerbstätige in der Schweiz 2023 für Abschnitt K (1 Todesfälle; Eurostat, europäische Unfallstatistik). Ihre Anzahl wird über Ihren Personalbestand (Vollzeitäquivalente, nicht Erwerbstätige) in dieselbe Rate umgerechnet.","Fatal accidents at work per 100 000 employed persons in Switzerland in 2023 for section K (1 deaths; Eurostat, European accident statistics). Your count is converted to the same rate from your headcount, which is full time equivalents rather than employed persons.",false,false
fatalities,L,all,2023,0,0,0,,"Eurostat, hsw_n2_02 (ESAW), Schweiz 2023",https://ec.europa.eu/eurostat/databrowser/view/hsw_n2_02/default/table,"Eurostat hsw_n2_02, Schweiz 2023, NACE L: 0 tödliche Arbeitsunfälle, Inzidenzrate 0 je 100 000 Erwerbstätige (Einheit RT_INC). Gelesen am 12.09.2026 über die Eurostat-API.","Eurostat hsw_n2_02, Switzerland 2023, NACE L: 0 fatal accidents at work, incidence rate 0 per 100 000 employed persons (unit RT_INC). Read on 2026-09-12 through the Eurostat API.",Eurostat hsw_n2_02 · NACE L,"Tödliche Arbeitsunfälle je 100 000 Erwerbstätige in der Schweiz 2023 für Abschnitt L (0 Todesfälle; Eurostat, europäische Unfallstatistik). Ihre Anzahl wird über Ihren Personalbestand (Vollzeitäquivalente, nicht Erwerbstätige) in dieselbe Rate umgerechnet.","Fatal accidents at work per 100 000 employed persons in Switzerland in 2023 for section L (0 deaths; Eurostat, European accident statistics). Your count is converted to the same rate from your headcount, which is full time equivalents rather than employed persons.",false,false
fatalities,M,all,2023,0,0,0,,"Eurostat, hsw_n2_02 (ESAW), Schweiz 2023",https://ec.europa.eu/eurostat/databrowser/view/hsw_n2_02/default/table,"Eurostat hsw_n2_02, Schweiz 2023, NACE M: 0 tödliche Arbeitsunfälle, Inzidenzrate 0 je 100 000 Erwerbstätige (Einheit RT_INC). Gelesen am 12.09.2026 über die Eurostat-API.","Eurostat hsw_n2_02, Switzerland 2023, NACE M: 0 fatal accidents at work, incidence rate 0 per 100 000 employed persons (unit RT_INC). Read on 2026-09-12 through the Eurostat API.",Eurostat hsw_n2_02 · NACE M,"Tödliche Arbeitsunfälle je 100 000 Erwerbstätige in der Schweiz 2023 für Abschnitt M (0 Todesfälle; Eurostat, europäische Unfallstatistik). Ihre Anzahl wird über Ihren Personalbestand (Vollzeitäquivalente, nicht Erwerbstätige) in dieselbe Rate umgerechnet.","Fatal accidents at work per 100 000 employed persons in Switzerland in 2023 for section M (0 deaths; Eurostat, European accident statistics). Your count is converted to the same rate from your headcount, which is full time equivalents rather than employed persons.",false,false
fatalities,N,all,2023,1.28,1.28,1.28,,"Eurostat, hsw_n2_02 (ESAW), Schweiz 2023",https://ec.europa.eu/eurostat/databrowser/view/hsw_n2_02/default/table,"Eurostat hsw_n2_02, Schweiz 2023, NACE N: 2 tödliche Arbeitsunfälle, Inzidenzrate 1.28 je 100 000 Erwerbstätige (Einheit RT_INC). Gelesen am 12.09.2026 über die Eurostat-API.","Eurostat hsw_n2_02, Switzerland 2023, NACE N: 2 fatal accidents at work, incidence rate 1.28 per 100 000 employed persons (unit RT_INC). Read on 2026-09-12 through the Eurostat API.",Eurostat hsw_n2_02 · NACE N,"Tödliche Arbeitsunfälle je 100 000 Erwerbstätige in der Schweiz 2023 für Abschnitt N (2 Todesfälle; Eurostat, europäische Unfallstatistik). Ihre Anzahl wird über Ihren Personalbestand (Vollzeitäquivalente, nicht Erwerbstätige) in dieselbe Rate umgerechnet.","Fatal accidents at work per 100 000 employed persons in Switzerland in 2023 for section N (2 deaths; Eurostat, European accident statistics). Your count is converted to the same rate from your headcount, which is full time equivalents rather than employed persons.",false,false
fatalities,O,all,2023,0.41,0.41,0.41,,"Eurostat, hsw_n2_02 (ESAW), Schweiz 2023",https://ec.europa.eu/eurostat/databrowser/view/hsw_n2_02/default/table,"Eurostat hsw_n2_02, Schweiz 2023, NACE O: 1 tödliche Arbeitsunfälle, Inzidenzrate 0.41 je 100 000 Erwerbstätige (Einheit RT_INC). Gelesen am 12.09.2026 über die Eurostat-API.","Eurostat hsw_n2_02, Switzerland 2023, NACE O: 1 fatal accidents at work, incidence rate 0.41 per 100 000 employed persons (unit RT_INC). Read on 2026-09-12 through the Eurostat API.",Eurostat hsw_n2_02 · NACE O,"Tödliche Arbeitsunfälle je 100 000 Erwerbstätige in der Schweiz 2023 für Abschnitt O (1 Todesfälle; Eurostat, europäische Unfallstatistik). Ihre Anzahl wird über Ihren Personalbestand (Vollzeitäquivalente, nicht Erwerbstätige) in dieselbe Rate umgerechnet.","Fatal accidents at work per 100 000 employed persons in Switzerland in 2023 for section O (1 deaths; Eurostat, European accident statistics). Your count is converted to the same rate from your headcount, which is full time equivalents rather than employed persons.",false,false
fatalities,P,all,2023,0.3,0.3,0.3,,"Eurostat, hsw_n2_02 (ESAW), Schweiz 2023",https://ec.europa.eu/eurostat/databrowser/view/hsw_n2_02/default/table,"Eurostat hsw_n2_02, Schweiz 2023, NACE P: 1 tödliche Arbeitsunfälle, Inzidenzrate 0.3 je 100 000 Erwerbstätige (Einheit RT_INC). Gelesen am 12.09.2026 über die Eurostat-API.","Eurostat hsw_n2_02, Switzerland 2023, NACE P: 1 fatal accidents at work, incidence rate 0.3 per 100 000 employed persons (unit RT_INC). Read on 2026-09-12 through the Eurostat API.",Eurostat hsw_n2_02 · NACE P,"Tödliche Arbeitsunfälle je 100 000 Erwerbstätige in der Schweiz 2023 für Abschnitt P (1 Todesfälle; Eurostat, europäische Unfallstatistik). Ihre Anzahl wird über Ihren Personalbestand (Vollzeitäquivalente, nicht Erwerbstätige) in dieselbe Rate umgerechnet.","Fatal accidents at work per 100 000 employed persons in Switzerland in 2023 for section P (1 deaths; Eurostat, European accident statistics). Your count is converted to the same rate from your headcount, which is full time equivalents rather than employed persons.",false,false
fatalities,Q,all,2023,0,0,0,,"Eurostat, hsw_n2_02 (ESAW), Schweiz 2023",https://ec.europa.eu/eurostat/databrowser/view/hsw_n2_02/default/table,"Eurostat hsw_n2_02, Schweiz 2023, NACE Q: 0 tödliche Arbeitsunfälle, Inzidenzrate 0 je 100 000 Erwerbstätige (Einheit RT_INC). Gelesen am 12.09.2026 über die Eurostat-API.","Eurostat hsw_n2_02, Switzerland 2023, NACE Q: 0 fatal accidents at work, incidence rate 0 per 100 000 employed persons (unit RT_INC). Read on 2026-09-12 through the Eurostat API.",Eurostat hsw_n2_02 · NACE Q,"Tödliche Arbeitsunfälle je 100 000 Erwerbstätige in der Schweiz 2023 für Abschnitt Q (0 Todesfälle; Eurostat, europäische Unfallstatistik). Ihre Anzahl wird über Ihren Personalbestand (Vollzeitäquivalente, nicht Erwerbstätige) in dieselbe Rate umgerechnet.","Fatal accidents at work per 100 000 employed persons in Switzerland in 2023 for section Q (0 deaths; Eurostat, European accident statistics). Your count is converted to the same rate from your headcount, which is full time equivalents rather than employed persons.",false,false
fatalities,R,all,2023,1.46,1.46,1.46,,"Eurostat, hsw_n2_02 (ESAW), Schweiz 2023",https://ec.europa.eu/eurostat/databrowser/view/hsw_n2_02/default/table,"Eurostat hsw_n2_02, Schweiz 2023, NACE R: 1 tödliche Arbeitsunfälle, Inzidenzrate 1.46 je 100 000 Erwerbstätige (Einheit RT_INC). Gelesen am 12.09.2026 über die Eurostat-API.","Eurostat hsw_n2_02, Switzerland 2023, NACE R: 1 fatal accidents at work, incidence rate 1.46 per 100 000 employed persons (unit RT_INC). Read on 2026-09-12 through the Eurostat API.",Eurostat hsw_n2_02 · NACE R,"Tödliche Arbeitsunfälle je 100 000 Erwerbstätige in der Schweiz 2023 für Abschnitt R (1 Todesfälle; Eurostat, europäische Unfallstatistik). Ihre Anzahl wird über Ihren Personalbestand (Vollzeitäquivalente, nicht Erwerbstätige) in dieselbe Rate umgerechnet.","Fatal accidents at work per 100 000 employed persons in Switzerland in 2023 for section R (1 deaths; Eurostat, European accident statistics). Your count is converted to the same rate from your headcount, which is full time equivalents rather than employed persons.",false,false
fatalities,S,all,2023,0,0,0,,"Eurostat, hsw_n2_02 (ESAW), Schweiz 2023",https://ec.europa.eu/eurostat/databrowser/view/hsw_n2_02/default/table,"Eurostat hsw_n2_02, Schweiz 2023, NACE S: 0 tödliche Arbeitsunfälle, Inzidenzrate 0 je 100 000 Erwerbstätige (Einheit RT_INC). Gelesen am 12.09.2026 über die Eurostat-API.","Eurostat hsw_n2_02, Switzerland 2023, NACE S: 0 fatal accidents at work, incidence rate 0 per 100 000 employed persons (unit RT_INC). Read on 2026-09-12 through the Eurostat API.",Eurostat hsw_n2_02 · NACE S,"Tödliche Arbeitsunfälle je 100 000 Erwerbstätige in der Schweiz 2023 für Abschnitt S (0 Todesfälle; Eurostat, europäische Unfallstatistik). Ihre Anzahl wird über Ihren Personalbestand (Vollzeitäquivalente, nicht Erwerbstätige) in dieselbe Rate umgerechnet.","Fatal accidents at work per 100 000 employed persons in Switzerland in 2023 for section S (0 deaths; Eurostat, European accident statistics). Your count is converted to the same rate from your headcount, which is full time equivalents rather than employed persons.",false,false
fatalities,T,all,2023,0,0,0,,"Eurostat, hsw_n2_02 (ESAW), Schweiz 2023",https://ec.europa.eu/eurostat/databrowser/view/hsw_n2_02/default/table,"Eurostat hsw_n2_02, Schweiz 2023, NACE T: 0 tödliche Arbeitsunfälle, Inzidenzrate 0 je 100 000 Erwerbstätige (Einheit RT_INC). Gelesen am 12.09.2026 über die Eurostat-API.","Eurostat hsw_n2_02, Switzerland 2023, NACE T: 0 fatal accidents at work, incidence rate 0 per 100 000 employed persons (unit RT_INC). Read on 2026-09-12 through the Eurostat API.",Eurostat hsw_n2_02 · NACE T,"Tödliche Arbeitsunfälle je 100 000 Erwerbstätige in der Schweiz 2023 für Abschnitt T (0 Todesfälle; Eurostat, europäische Unfallstatistik). Ihre Anzahl wird über Ihren Personalbestand (Vollzeitäquivalente, nicht Erwerbstätige) in dieselbe Rate umgerechnet.","Fatal accidents at work per 100 000 employed persons in Switzerland in 2023 for section T (0 deaths; Eurostat, European accident statistics). Your count is converted to the same rate from your headcount, which is full time equivalents rather than employed persons.",false,false
fatalities,U,all,2023,0,0,0,,"Eurostat, hsw_n2_02 (ESAW), Schweiz 2023",https://ec.europa.eu/eurostat/databrowser/view/hsw_n2_02/default/table,"Eurostat hsw_n2_02, Schweiz 2023, NACE U: 0 tödliche Arbeitsunfälle, Inzidenzrate 0 je 100 000 Erwerbstätige (Einheit RT_INC). Gelesen am 12.09.2026 über die Eurostat-API.","Eurostat hsw_n2_02, Switzerland 2023, NACE U: 0 fatal accidents at work, incidence rate 0 per 100 000 employed persons (unit RT_INC). Read on 2026-09-12 through the Eurostat API.",Eurostat hsw_n2_02 · NACE U,"Tödliche Arbeitsunfälle je 100 000 Erwerbstätige in der Schweiz 2023 für Abschnitt U (0 Todesfälle; Eurostat, europäische Unfallstatistik). Ihre Anzahl wird über Ihren Personalbestand (Vollzeitäquivalente, nicht Erwerbstätige) in dieselbe Rate umgerechnet.","Fatal accidents at work per 100 000 employed persons in Switzerland in 2023 for section U (0 deaths; Eurostat, European accident statistics). Your count is converted to the same rate from your headcount, which is full time equivalents rather than employed persons.",false,false
absenteeism_rate,ALL,all,2025,3.62,3.62,3.62,,"BFS, Tabelle T 03.02.03.02.06 (Arbeitsvolumenstatistik AVOL), 2025 r",https://www.bfs.admin.ch/asset/de/je-d-03.02.03.02.06,"BFS AVOL, Tabelle T 03.02.03.02.06, Blatt 2025 (rektifiziert August 2026), Block «Wirtschaftsabschnitte», Zeile A-T: 3.620325 Prozent (95-Prozent-Intervall in der Tabelle). Abschnitt P wird vom BFS nicht publiziert, U nicht ausgewiesen. Gelesen am 12.09.2026 aus der Excel-Datei.","BFS AVOL, table T 03.02.03.02.06, sheet 2025 (revised August 2026), block 'Wirtschaftsabschnitte', row A-T: 3.620325 percent (the table carries a 95 percent interval). Section P is not published by BFS, U is not shown. Read on 2026-09-12 from the Excel file.",BFS AVOL T 03.02.03.02.06 · Abschnitte A–T,"Quote der gesundheitsbedingten Absenzen (Krankheit oder Unfall) der Vollzeitarbeitnehmenden in Prozent der Normalarbeitszeit, Schweiz 2025, für alle Abschnitte A bis T (BFS Arbeitsvolumenstatistik). Ein publizierter Wert je Branchengruppe, keine Spannweite über Unternehmen.","Health related absence rate (illness or accident) of full time employees as a percentage of normal working time, Switzerland 2025, for all sections A to T (BFS labour volume statistics). One published figure per sector group, not a spread across companies.",false,false
absenteeism_rate,A,all,2025,3.01,3.01,3.01,,"BFS, Tabelle T 03.02.03.02.06 (Arbeitsvolumenstatistik AVOL), 2025 r",https://www.bfs.admin.ch/asset/de/je-d-03.02.03.02.06,"BFS AVOL, Tabelle T 03.02.03.02.06, Blatt 2025 (rektifiziert August 2026), Block «Wirtschaftsabschnitte», Zeile A: 3.007641 Prozent (95-Prozent-Intervall in der Tabelle). Abschnitt P wird vom BFS nicht publiziert, U nicht ausgewiesen. Gelesen am 12.09.2026 aus der Excel-Datei.","BFS AVOL, table T 03.02.03.02.06, sheet 2025 (revised August 2026), block 'Wirtschaftsabschnitte', row A: 3.007641 percent (the table carries a 95 percent interval). Section P is not published by BFS, U is not shown. Read on 2026-09-12 from the Excel file.",BFS AVOL T 03.02.03.02.06 · Abschnitt A,"Quote der gesundheitsbedingten Absenzen (Krankheit oder Unfall) der Vollzeitarbeitnehmenden in Prozent der Normalarbeitszeit, Schweiz 2025, für den Abschnitt A (BFS Arbeitsvolumenstatistik). Ein publizierter Wert je Branchengruppe, keine Spannweite über Unternehmen.","Health related absence rate (illness or accident) of full time employees as a percentage of normal working time, Switzerland 2025, for section A (BFS labour volume statistics). One published figure per sector group, not a spread across companies.",false,false
absenteeism_rate,B,all,2025,3.97,3.97,3.97,,"BFS, Tabelle T 03.02.03.02.06 (Arbeitsvolumenstatistik AVOL), 2025 r",https://www.bfs.admin.ch/asset/de/je-d-03.02.03.02.06,"BFS AVOL, Tabelle T 03.02.03.02.06, Blatt 2025 (rektifiziert August 2026), Block «Wirtschaftsabschnitte», Zeile B-E: 3.970002 Prozent (95-Prozent-Intervall in der Tabelle). Abschnitt P wird vom BFS nicht publiziert, U nicht ausgewiesen. Gelesen am 12.09.2026 aus der Excel-Datei.","BFS AVOL, table T 03.02.03.02.06, sheet 2025 (revised August 2026), block 'Wirtschaftsabschnitte', row B-E: 3.970002 percent (the table carries a 95 percent interval). Section P is not published by BFS, U is not shown. Read on 2026-09-12 from the Excel file.",BFS AVOL T 03.02.03.02.06 · Abschnitte B–E,"Quote der gesundheitsbedingten Absenzen (Krankheit oder Unfall) der Vollzeitarbeitnehmenden in Prozent der Normalarbeitszeit, Schweiz 2025, für die Abschnitte B–E zusammen (BFS Arbeitsvolumenstatistik). Ein publizierter Wert je Branchengruppe, keine Spannweite über Unternehmen.","Health related absence rate (illness or accident) of full time employees as a percentage of normal working time, Switzerland 2025, for sections B to E together (BFS labour volume statistics). One published figure per sector group, not a spread across companies.",false,false
absenteeism_rate,C,all,2025,3.97,3.97,3.97,,"BFS, Tabelle T 03.02.03.02.06 (Arbeitsvolumenstatistik AVOL), 2025 r",https://www.bfs.admin.ch/asset/de/je-d-03.02.03.02.06,"BFS AVOL, Tabelle T 03.02.03.02.06, Blatt 2025 (rektifiziert August 2026), Block «Wirtschaftsabschnitte», Zeile B-E: 3.970002 Prozent (95-Prozent-Intervall in der Tabelle). Abschnitt P wird vom BFS nicht publiziert, U nicht ausgewiesen. Gelesen am 12.09.2026 aus der Excel-Datei.","BFS AVOL, table T 03.02.03.02.06, sheet 2025 (revised August 2026), block 'Wirtschaftsabschnitte', row B-E: 3.970002 percent (the table carries a 95 percent interval). Section P is not published by BFS, U is not shown. Read on 2026-09-12 from the Excel file.",BFS AVOL T 03.02.03.02.06 · Abschnitte B–E,"Quote der gesundheitsbedingten Absenzen (Krankheit oder Unfall) der Vollzeitarbeitnehmenden in Prozent der Normalarbeitszeit, Schweiz 2025, für die Abschnitte B–E zusammen (BFS Arbeitsvolumenstatistik). Ein publizierter Wert je Branchengruppe, keine Spannweite über Unternehmen.","Health related absence rate (illness or accident) of full time employees as a percentage of normal working time, Switzerland 2025, for sections B to E together (BFS labour volume statistics). One published figure per sector group, not a spread across companies.",false,false
absenteeism_rate,D,all,2025,3.97,3.97,3.97,,"BFS, Tabelle T 03.02.03.02.06 (Arbeitsvolumenstatistik AVOL), 2025 r",https://www.bfs.admin.ch/asset/de/je-d-03.02.03.02.06,"BFS AVOL, Tabelle T 03.02.03.02.06, Blatt 2025 (rektifiziert August 2026), Block «Wirtschaftsabschnitte», Zeile B-E: 3.970002 Prozent (95-Prozent-Intervall in der Tabelle). Abschnitt P wird vom BFS nicht publiziert, U nicht ausgewiesen. Gelesen am 12.09.2026 aus der Excel-Datei.","BFS AVOL, table T 03.02.03.02.06, sheet 2025 (revised August 2026), block 'Wirtschaftsabschnitte', row B-E: 3.970002 percent (the table carries a 95 percent interval). Section P is not published by BFS, U is not shown. Read on 2026-09-12 from the Excel file.",BFS AVOL T 03.02.03.02.06 · Abschnitte B–E,"Quote der gesundheitsbedingten Absenzen (Krankheit oder Unfall) der Vollzeitarbeitnehmenden in Prozent der Normalarbeitszeit, Schweiz 2025, für die Abschnitte B–E zusammen (BFS Arbeitsvolumenstatistik). Ein publizierter Wert je Branchengruppe, keine Spannweite über Unternehmen.","Health related absence rate (illness or accident) of full time employees as a percentage of normal working time, Switzerland 2025, for sections B to E together (BFS labour volume statistics). One published figure per sector group, not a spread across companies.",false,false
absenteeism_rate,E,all,2025,3.97,3.97,3.97,,"BFS, Tabelle T 03.02.03.02.06 (Arbeitsvolumenstatistik AVOL), 2025 r",https://www.bfs.admin.ch/asset/de/je-d-03.02.03.02.06,"BFS AVOL, Tabelle T 03.02.03.02.06, Blatt 2025 (rektifiziert August 2026), Block «Wirtschaftsabschnitte», Zeile B-E: 3.970002 Prozent (95-Prozent-Intervall in der Tabelle). Abschnitt P wird vom BFS nicht publiziert, U nicht ausgewiesen. Gelesen am 12.09.2026 aus der Excel-Datei.","BFS AVOL, table T 03.02.03.02.06, sheet 2025 (revised August 2026), block 'Wirtschaftsabschnitte', row B-E: 3.970002 percent (the table carries a 95 percent interval). Section P is not published by BFS, U is not shown. Read on 2026-09-12 from the Excel file.",BFS AVOL T 03.02.03.02.06 · Abschnitte B–E,"Quote der gesundheitsbedingten Absenzen (Krankheit oder Unfall) der Vollzeitarbeitnehmenden in Prozent der Normalarbeitszeit, Schweiz 2025, für die Abschnitte B–E zusammen (BFS Arbeitsvolumenstatistik). Ein publizierter Wert je Branchengruppe, keine Spannweite über Unternehmen.","Health related absence rate (illness or accident) of full time employees as a percentage of normal working time, Switzerland 2025, for sections B to E together (BFS labour volume statistics). One published figure per sector group, not a spread across companies.",false,false
absenteeism_rate,F,all,2025,4.44,4.44,4.44,,"BFS, Tabelle T 03.02.03.02.06 (Arbeitsvolumenstatistik AVOL), 2025 r",https://www.bfs.admin.ch/asset/de/je-d-03.02.03.02.06,"BFS AVOL, Tabelle T 03.02.03.02.06, Blatt 2025 (rektifiziert August 2026), Block «Wirtschaftsabschnitte», Zeile F: 4.443781 Prozent (95-Prozent-Intervall in der Tabelle). Abschnitt P wird vom BFS nicht publiziert, U nicht ausgewiesen. Gelesen am 12.09.2026 aus der Excel-Datei.","BFS AVOL, table T 03.02.03.02.06, sheet 2025 (revised August 2026), block 'Wirtschaftsabschnitte', row F: 4.443781 percent (the table carries a 95 percent interval). Section P is not published by BFS, U is not shown. Read on 2026-09-12 from the Excel file.",BFS AVOL T 03.02.03.02.06 · Abschnitt F,"Quote der gesundheitsbedingten Absenzen (Krankheit oder Unfall) der Vollzeitarbeitnehmenden in Prozent der Normalarbeitszeit, Schweiz 2025, für den Abschnitt F (BFS Arbeitsvolumenstatistik). Ein publizierter Wert je Branchengruppe, keine Spannweite über Unternehmen.","Health related absence rate (illness or accident) of full time employees as a percentage of normal working time, Switzerland 2025, for section F (BFS labour volume statistics). One published figure per sector group, not a spread across companies.",false,false
absenteeism_rate,G,all,2025,3.87,3.87,3.87,,"BFS, Tabelle T 03.02.03.02.06 (Arbeitsvolumenstatistik AVOL), 2025 r",https://www.bfs.admin.ch/asset/de/je-d-03.02.03.02.06,"BFS AVOL, Tabelle T 03.02.03.02.06, Blatt 2025 (rektifiziert August 2026), Block «Wirtschaftsabschnitte», Zeile G: 3.870110 Prozent (95-Prozent-Intervall in der Tabelle). Abschnitt P wird vom BFS nicht publiziert, U nicht ausgewiesen. Gelesen am 12.09.2026 aus der Excel-Datei.","BFS AVOL, table T 03.02.03.02.06, sheet 2025 (revised August 2026), block 'Wirtschaftsabschnitte', row G: 3.870110 percent (the table carries a 95 percent interval). Section P is not published by BFS, U is not shown. Read on 2026-09-12 from the Excel file.",BFS AVOL T 03.02.03.02.06 · Abschnitt G,"Quote der gesundheitsbedingten Absenzen (Krankheit oder Unfall) der Vollzeitarbeitnehmenden in Prozent der Normalarbeitszeit, Schweiz 2025, für den Abschnitt G (BFS Arbeitsvolumenstatistik). Ein publizierter Wert je Branchengruppe, keine Spannweite über Unternehmen.","Health related absence rate (illness or accident) of full time employees as a percentage of normal working time, Switzerland 2025, for section G (BFS labour volume statistics). One published figure per sector group, not a spread across companies.",false,false
absenteeism_rate,H,all,2025,4.33,4.33,4.33,,"BFS, Tabelle T 03.02.03.02.06 (Arbeitsvolumenstatistik AVOL), 2025 r",https://www.bfs.admin.ch/asset/de/je-d-03.02.03.02.06,"BFS AVOL, Tabelle T 03.02.03.02.06, Blatt 2025 (rektifiziert August 2026), Block «Wirtschaftsabschnitte», Zeile H: 4.326694 Prozent (95-Prozent-Intervall in der Tabelle). Abschnitt P wird vom BFS nicht publiziert, U nicht ausgewiesen. Gelesen am 12.09.2026 aus der Excel-Datei.","BFS AVOL, table T 03.02.03.02.06, sheet 2025 (revised August 2026), block 'Wirtschaftsabschnitte', row H: 4.326694 percent (the table carries a 95 percent interval). Section P is not published by BFS, U is not shown. Read on 2026-09-12 from the Excel file.",BFS AVOL T 03.02.03.02.06 · Abschnitt H,"Quote der gesundheitsbedingten Absenzen (Krankheit oder Unfall) der Vollzeitarbeitnehmenden in Prozent der Normalarbeitszeit, Schweiz 2025, für den Abschnitt H (BFS Arbeitsvolumenstatistik). Ein publizierter Wert je Branchengruppe, keine Spannweite über Unternehmen.","Health related absence rate (illness or accident) of full time employees as a percentage of normal working time, Switzerland 2025, for section H (BFS labour volume statistics). One published figure per sector group, not a spread across companies.",false,false
absenteeism_rate,I,all,2025,3.66,3.66,3.66,,"BFS, Tabelle T 03.02.03.02.06 (Arbeitsvolumenstatistik AVOL), 2025 r",https://www.bfs.admin.ch/asset/de/je-d-03.02.03.02.06,"BFS AVOL, Tabelle T 03.02.03.02.06, Blatt 2025 (rektifiziert August 2026), Block «Wirtschaftsabschnitte», Zeile I: 3.660903 Prozent (95-Prozent-Intervall in der Tabelle). Abschnitt P wird vom BFS nicht publiziert, U nicht ausgewiesen. Gelesen am 12.09.2026 aus der Excel-Datei.","BFS AVOL, table T 03.02.03.02.06, sheet 2025 (revised August 2026), block 'Wirtschaftsabschnitte', row I: 3.660903 percent (the table carries a 95 percent interval). Section P is not published by BFS, U is not shown. Read on 2026-09-12 from the Excel file.",BFS AVOL T 03.02.03.02.06 · Abschnitt I,"Quote der gesundheitsbedingten Absenzen (Krankheit oder Unfall) der Vollzeitarbeitnehmenden in Prozent der Normalarbeitszeit, Schweiz 2025, für den Abschnitt I (BFS Arbeitsvolumenstatistik). Ein publizierter Wert je Branchengruppe, keine Spannweite über Unternehmen.","Health related absence rate (illness or accident) of full time employees as a percentage of normal working time, Switzerland 2025, for section I (BFS labour volume statistics). One published figure per sector group, not a spread across companies.",false,false
absenteeism_rate,J,all,2025,2.66,2.66,2.66,,"BFS, Tabelle T 03.02.03.02.06 (Arbeitsvolumenstatistik AVOL), 2025 r",https://www.bfs.admin.ch/asset/de/je-d-03.02.03.02.06,"BFS AVOL, Tabelle T 03.02.03.02.06, Blatt 2025 (rektifiziert August 2026), Block «Wirtschaftsabschnitte», Zeile J: 2.658934 Prozent (95-Prozent-Intervall in der Tabelle). Abschnitt P wird vom BFS nicht publiziert, U nicht ausgewiesen. Gelesen am 12.09.2026 aus der Excel-Datei.","BFS AVOL, table T 03.02.03.02.06, sheet 2025 (revised August 2026), block 'Wirtschaftsabschnitte', row J: 2.658934 percent (the table carries a 95 percent interval). Section P is not published by BFS, U is not shown. Read on 2026-09-12 from the Excel file.",BFS AVOL T 03.02.03.02.06 · Abschnitt J,"Quote der gesundheitsbedingten Absenzen (Krankheit oder Unfall) der Vollzeitarbeitnehmenden in Prozent der Normalarbeitszeit, Schweiz 2025, für den Abschnitt J (BFS Arbeitsvolumenstatistik). Ein publizierter Wert je Branchengruppe, keine Spannweite über Unternehmen.","Health related absence rate (illness or accident) of full time employees as a percentage of normal working time, Switzerland 2025, for section J (BFS labour volume statistics). One published figure per sector group, not a spread across companies.",false,false
absenteeism_rate,K,all,2025,2.73,2.73,2.73,,"BFS, Tabelle T 03.02.03.02.06 (Arbeitsvolumenstatistik AVOL), 2025 r",https://www.bfs.admin.ch/asset/de/je-d-03.02.03.02.06,"BFS AVOL, Tabelle T 03.02.03.02.06, Blatt 2025 (rektifiziert August 2026), Block «Wirtschaftsabschnitte», Zeile K: 2.732481 Prozent (95-Prozent-Intervall in der Tabelle). Abschnitt P wird vom BFS nicht publiziert, U nicht ausgewiesen. Gelesen am 12.09.2026 aus der Excel-Datei.","BFS AVOL, table T 03.02.03.02.06, sheet 2025 (revised August 2026), block 'Wirtschaftsabschnitte', row K: 2.732481 percent (the table carries a 95 percent interval). Section P is not published by BFS, U is not shown. Read on 2026-09-12 from the Excel file.",BFS AVOL T 03.02.03.02.06 · Abschnitt K,"Quote der gesundheitsbedingten Absenzen (Krankheit oder Unfall) der Vollzeitarbeitnehmenden in Prozent der Normalarbeitszeit, Schweiz 2025, für den Abschnitt K (BFS Arbeitsvolumenstatistik). Ein publizierter Wert je Branchengruppe, keine Spannweite über Unternehmen.","Health related absence rate (illness or accident) of full time employees as a percentage of normal working time, Switzerland 2025, for section K (BFS labour volume statistics). One published figure per sector group, not a spread across companies.",false,false
absenteeism_rate,L,all,2025,4.06,4.06,4.06,,"BFS, Tabelle T 03.02.03.02.06 (Arbeitsvolumenstatistik AVOL), 2025 r",https://www.bfs.admin.ch/asset/de/je-d-03.02.03.02.06,"BFS AVOL, Tabelle T 03.02.03.02.06, Blatt 2025 (rektifiziert August 2026), Block «Wirtschaftsabschnitte», Zeile L/N: 4.064789 Prozent (95-Prozent-Intervall in der Tabelle). Abschnitt P wird vom BFS nicht publiziert, U nicht ausgewiesen. Gelesen am 12.09.2026 aus der Excel-Datei.","BFS AVOL, table T 03.02.03.02.06, sheet 2025 (revised August 2026), block 'Wirtschaftsabschnitte', row L/N: 4.064789 percent (the table carries a 95 percent interval). Section P is not published by BFS, U is not shown. Read on 2026-09-12 from the Excel file.",BFS AVOL T 03.02.03.02.06 · Abschnitte L und N,"Quote der gesundheitsbedingten Absenzen (Krankheit oder Unfall) der Vollzeitarbeitnehmenden in Prozent der Normalarbeitszeit, Schweiz 2025, für die Abschnitte L und N zusammen (BFS Arbeitsvolumenstatistik). Ein publizierter Wert je Branchengruppe, keine Spannweite über Unternehmen.","Health related absence rate (illness or accident) of full time employees as a percentage of normal working time, Switzerland 2025, for sections L and N together (BFS labour volume statistics). One published figure per sector group, not a spread across companies.",false,false
absenteeism_rate,N,all,2025,4.06,4.06,4.06,,"BFS, Tabelle T 03.02.03.02.06 (Arbeitsvolumenstatistik AVOL), 2025 r",https://www.bfs.admin.ch/asset/de/je-d-03.02.03.02.06,"BFS AVOL, Tabelle T 03.02.03.02.06, Blatt 2025 (rektifiziert August 2026), Block «Wirtschaftsabschnitte», Zeile L/N: 4.064789 Prozent (95-Prozent-Intervall in der Tabelle). Abschnitt P wird vom BFS nicht publiziert, U nicht ausgewiesen. Gelesen am 12.09.2026 aus der Excel-Datei.","BFS AVOL, table T 03.02.03.02.06, sheet 2025 (revised August 2026), block 'Wirtschaftsabschnitte', row L/N: 4.064789 percent (the table carries a 95 percent interval). Section P is not published by BFS, U is not shown. Read on 2026-09-12 from the Excel file.",BFS AVOL T 03.02.03.02.06 · Abschnitte L und N,"Quote der gesundheitsbedingten Absenzen (Krankheit oder Unfall) der Vollzeitarbeitnehmenden in Prozent der Normalarbeitszeit, Schweiz 2025, für die Abschnitte L und N zusammen (BFS Arbeitsvolumenstatistik). Ein publizierter Wert je Branchengruppe, keine Spannweite über Unternehmen.","Health related absence rate (illness or accident) of full time employees as a percentage of normal working time, Switzerland 2025, for sections L and N together (BFS labour volume statistics). One published figure per sector group, not a spread across companies.",false,false
absenteeism_rate,M,all,2025,2.66,2.66,2.66,,"BFS, Tabelle T 03.02.03.02.06 (Arbeitsvolumenstatistik AVOL), 2025 r",https://www.bfs.admin.ch/asset/de/je-d-03.02.03.02.06,"BFS AVOL, Tabelle T 03.02.03.02.06, Blatt 2025 (rektifiziert August 2026), Block «Wirtschaftsabschnitte», Zeile M: 2.664430 Prozent (95-Prozent-Intervall in der Tabelle). Abschnitt P wird vom BFS nicht publiziert, U nicht ausgewiesen. Gelesen am 12.09.2026 aus der Excel-Datei.","BFS AVOL, table T 03.02.03.02.06, sheet 2025 (revised August 2026), block 'Wirtschaftsabschnitte', row M: 2.664430 percent (the table carries a 95 percent interval). Section P is not published by BFS, U is not shown. Read on 2026-09-12 from the Excel file.",BFS AVOL T 03.02.03.02.06 · Abschnitt M,"Quote der gesundheitsbedingten Absenzen (Krankheit oder Unfall) der Vollzeitarbeitnehmenden in Prozent der Normalarbeitszeit, Schweiz 2025, für den Abschnitt M (BFS Arbeitsvolumenstatistik). Ein publizierter Wert je Branchengruppe, keine Spannweite über Unternehmen.","Health related absence rate (illness or accident) of full time employees as a percentage of normal working time, Switzerland 2025, for section M (BFS labour volume statistics). One published figure per sector group, not a spread across companies.",false,false
absenteeism_rate,O,all,2025,3.44,3.44,3.44,,"BFS, Tabelle T 03.02.03.02.06 (Arbeitsvolumenstatistik AVOL), 2025 r",https://www.bfs.admin.ch/asset/de/je-d-03.02.03.02.06,"BFS AVOL, Tabelle T 03.02.03.02.06, Blatt 2025 (rektifiziert August 2026), Block «Wirtschaftsabschnitte», Zeile O: 3.442951 Prozent (95-Prozent-Intervall in der Tabelle). Abschnitt P wird vom BFS nicht publiziert, U nicht ausgewiesen. Gelesen am 12.09.2026 aus der Excel-Datei.","BFS AVOL, table T 03.02.03.02.06, sheet 2025 (revised August 2026), block 'Wirtschaftsabschnitte', row O: 3.442951 percent (the table carries a 95 percent interval). Section P is not published by BFS, U is not shown. Read on 2026-09-12 from the Excel file.",BFS AVOL T 03.02.03.02.06 · Abschnitt O,"Quote der gesundheitsbedingten Absenzen (Krankheit oder Unfall) der Vollzeitarbeitnehmenden in Prozent der Normalarbeitszeit, Schweiz 2025, für den Abschnitt O (BFS Arbeitsvolumenstatistik). Ein publizierter Wert je Branchengruppe, keine Spannweite über Unternehmen.","Health related absence rate (illness or accident) of full time employees as a percentage of normal working time, Switzerland 2025, for section O (BFS labour volume statistics). One published figure per sector group, not a spread across companies.",false,false
absenteeism_rate,Q,all,2025,4.11,4.11,4.11,,"BFS, Tabelle T 03.02.03.02.06 (Arbeitsvolumenstatistik AVOL), 2025 r",https://www.bfs.admin.ch/asset/de/je-d-03.02.03.02.06,"BFS AVOL, Tabelle T 03.02.03.02.06, Blatt 2025 (rektifiziert August 2026), Block «Wirtschaftsabschnitte», Zeile Q: 4.110658 Prozent (95-Prozent-Intervall in der Tabelle). Abschnitt P wird vom BFS nicht publiziert, U nicht ausgewiesen. Gelesen am 12.09.2026 aus der Excel-Datei.","BFS AVOL, table T 03.02.03.02.06, sheet 2025 (revised August 2026), block 'Wirtschaftsabschnitte', row Q: 4.110658 percent (the table carries a 95 percent interval). Section P is not published by BFS, U is not shown. Read on 2026-09-12 from the Excel file.",BFS AVOL T 03.02.03.02.06 · Abschnitt Q,"Quote der gesundheitsbedingten Absenzen (Krankheit oder Unfall) der Vollzeitarbeitnehmenden in Prozent der Normalarbeitszeit, Schweiz 2025, für den Abschnitt Q (BFS Arbeitsvolumenstatistik). Ein publizierter Wert je Branchengruppe, keine Spannweite über Unternehmen.","Health related absence rate (illness or accident) of full time employees as a percentage of normal working time, Switzerland 2025, for section Q (BFS labour volume statistics). One published figure per sector group, not a spread across companies.",false,false
absenteeism_rate,R,all,2025,3.12,3.12,3.12,,"BFS, Tabelle T 03.02.03.02.06 (Arbeitsvolumenstatistik AVOL), 2025 r",https://www.bfs.admin.ch/asset/de/je-d-03.02.03.02.06,"BFS AVOL, Tabelle T 03.02.03.02.06, Blatt 2025 (rektifiziert August 2026), Block «Wirtschaftsabschnitte», Zeile R/S/T: 3.118804 Prozent (95-Prozent-Intervall in der Tabelle). Abschnitt P wird vom BFS nicht publiziert, U nicht ausgewiesen. Gelesen am 12.09.2026 aus der Excel-Datei.","BFS AVOL, table T 03.02.03.02.06, sheet 2025 (revised August 2026), block 'Wirtschaftsabschnitte', row R/S/T: 3.118804 percent (the table carries a 95 percent interval). Section P is not published by BFS, U is not shown. Read on 2026-09-12 from the Excel file.",BFS AVOL T 03.02.03.02.06 · Abschnitte R–T,"Quote der gesundheitsbedingten Absenzen (Krankheit oder Unfall) der Vollzeitarbeitnehmenden in Prozent der Normalarbeitszeit, Schweiz 2025, für die Abschnitte R–T zusammen (BFS Arbeitsvolumenstatistik). Ein publizierter Wert je Branchengruppe, keine Spannweite über Unternehmen.","Health related absence rate (illness or accident) of full time employees as a percentage of normal working time, Switzerland 2025, for sections R to T together (BFS labour volume statistics). One published figure per sector group, not a spread across companies.",false,false
absenteeism_rate,S,all,2025,3.12,3.12,3.12,,"BFS, Tabelle T 03.02.03.02.06 (Arbeitsvolumenstatistik AVOL), 2025 r",https://www.bfs.admin.ch/asset/de/je-d-03.02.03.02.06,"BFS AVOL, Tabelle T 03.02.03.02.06, Blatt 2025 (rektifiziert August 2026), Block «Wirtschaftsabschnitte», Zeile R/S/T: 3.118804 Prozent (95-Prozent-Intervall in der Tabelle). Abschnitt P wird vom BFS nicht publiziert, U nicht ausgewiesen. Gelesen am 12.09.2026 aus der Excel-Datei.","BFS AVOL, table T 03.02.03.02.06, sheet 2025 (revised August 2026), block 'Wirtschaftsabschnitte', row R/S/T: 3.118804 percent (the table carries a 95 percent interval). Section P is not published by BFS, U is not shown. Read on 2026-09-12 from the Excel file.",BFS AVOL T 03.02.03.02.06 · Abschnitte R–T,"Quote der gesundheitsbedingten Absenzen (Krankheit oder Unfall) der Vollzeitarbeitnehmenden in Prozent der Normalarbeitszeit, Schweiz 2025, für die Abschnitte R–T zusammen (BFS Arbeitsvolumenstatistik). Ein publizierter Wert je Branchengruppe, keine Spannweite über Unternehmen.","Health related absence rate (illness or accident) of full time employees as a percentage of normal working time, Switzerland 2025, for sections R to T together (BFS labour volume statistics). One published figure per sector group, not a spread across companies.",false,false
absenteeism_rate,T,all,2025,3.12,3.12,3.12,,"BFS, Tabelle T 03.02.03.02.06 (Arbeitsvolumenstatistik AVOL), 2025 r",https://www.bfs.admin.ch/asset/de/je-d-03.02.03.02.06,"BFS AVOL, Tabelle T 03.02.03.02.06, Blatt 2025 (rektifiziert August 2026), Block «Wirtschaftsabschnitte», Zeile R/S/T: 3.118804 Prozent (95-Prozent-Intervall in der Tabelle). Abschnitt P wird vom BFS nicht publiziert, U nicht ausgewiesen. Gelesen am 12.09.2026 aus der Excel-Datei.","BFS AVOL, table T 03.02.03.02.06, sheet 2025 (revised August 2026), block 'Wirtschaftsabschnitte', row R/S/T: 3.118804 percent (the table carries a 95 percent interval). Section P is not published by BFS, U is not shown. Read on 2026-09-12 from the Excel file.",BFS AVOL T 03.02.03.02.06 · Abschnitte R–T,"Quote der gesundheitsbedingten Absenzen (Krankheit oder Unfall) der Vollzeitarbeitnehmenden in Prozent der Normalarbeitszeit, Schweiz 2025, für die Abschnitte R–T zusammen (BFS Arbeitsvolumenstatistik). Ein publizierter Wert je Branchengruppe, keine Spannweite über Unternehmen.","Health related absence rate (illness or accident) of full time employees as a percentage of normal working time, Switzerland 2025, for sections R to T together (BFS labour volume statistics). One published figure per sector group, not a spread across companies.",false,false
